x0,x1,x2,x3,x4,x5,x6,x7,x8,x9,x10,x11,x12,x13,x14,x15,x16,x17,x18,x19,x20,x21,x22,x23,x24,treatment,outcome
-1.333722,-0.654543,-0.247082,0.283906,-1.278793,0.615942,-0.275471,-1.576824,-1.199820,0.347473,0.135104,-0.207602,0.858921,0.344953,0.965803,2.214404,-1.386973,-0.117639,-0.274740,-1.282114,0.222630,-0.464180,0.361555,1.013701,-1.092603,1,29.947099
0.987383,0.645292,0.349703,-0.905118,-0.857472,-0.807599,2.138338,0.490111,1.169888,0.821849,0.919935,-0.138735,-1.432102,-0.382685,-0.088228,-0.392369,-0.508351,0.327596,1.107146,0.367172,0.867072,-0.354577,0.890039,0.851250,0.971017,0,60.852345
-0.540375,0.519720,-1.256023,-1.860414,-0.530551,0.123719,0.828433,-1.199522,-1.308883,1.518160,0.771420,0.124652,-0.078808,0.972970,1.936630,-0.557941,-1.173190,0.517149,0.772864,-1.678518,0.414071,-0.707513,-0.284808,0.414307,-0.171633,1,49.235233
-0.247934,-0.655145,0.151872,2.484246,1.352641,1.539742,-1.291995,-0.265638,0.673061,-0.779035,0.893908,-0.269844,-0.865563,-0.666591,-0.120721,0.068325,0.233033,-0.657828,-0.962682,-0.485086,-0.353192,0.941492,-0.157307,-1.888702,0.028760,0,51.509326
0.257615,-1.347652,0.515247,1.534080,0.235743,2.725700,-1.337211,-0.234405,0.110234,-0.129629,-0.110577,-1.306061,2.261122,-2.293724,-0.733445,2.006540,-0.499947,0.246459,-0.095958,-1.714062,0.814610,-0.441668,2.101126,-1.694798,0.928551,1,46.599962
-0.530460,-0.507860,-0.372122,-0.938701,-0.249201,0.128931,1.807984,-0.168568,-1.233178,1.106654,0.617696,-1.423151,0.946911,0.605323,-0.121241,0.503977,-1.442370,-0.236053,0.167699,-2.131435,2.234025,-1.622894,-0.653989,-0.259729,-0.893295,1,38.962380
-0.880243,-0.623420,1.029406,-0.380298,-0.430638,-0.429693,1.318819,1.252164,0.389906,-0.838543,-0.179727,-0.040608,0.842536,-0.564950,1.524684,0.245355,-0.939322,-0.619081,1.284735,2.110298,-1.395440,-0.458577,0.597915,0.468509,1.345280,0,33.006564
0.844639,0.020943,0.365404,-1.345304,-0.473403,-0.606206,-0.770263,-0.781894,-0.362548,0.443082,0.556585,-0.149928,0.568649,-0.251444,1.083209,-0.832936,-1.417519,-1.362597,-0.440286,1.696284,-1.390391,-0.516494,-0.231801,-0.344048,-1.476456,0,61.559866
0.059712,0.529276,-1.468858,-0.136952,-0.844797,-1.116064,-0.778074,0.696295,-0.469029,0.066301,1.465072,0.066024,-0.763326,0.655729,-0.909146,0.501602,1.014229,0.102031,-0.822916,-0.343171,-0.554223,-0.369240,-0.928105,-0.470043,0.350093,1,45.191224
-0.286464,0.297708,0.425826,0.068338,0.067661,0.801305,-0.220866,-2.162775,0.891871,-0.427405,0.687057,0.962933,-1.479332,0.044729,-0.355857,-1.747777,-1.997577,0.793218,-0.398644,-1.576614,2.547117,0.394876,0.901764,-0.782628,-2.083896,1,61.402361
-0.422377,-0.287653,0.735776,-0.589027,-0.239316,1.753210,0.035160,-1.088576,-0.864780,0.997394,0.065410,-0.944558,-0.561243,-1.546235,-2.709027,-0.066662,-1.008125,0.034455,1.208053,1.056350,1.104260,-0.193724,0.241255,-1.445375,0.440824,0,52.906922
-0.992508,-0.962223,-0.099875,-0.400019,-1.256784,-1.326898,-1.611017,-1.716690,1.594831,0.279301,-0.494768,0.918076,-0.325625,0.744940,-1.009873,0.100432,1.237342,-2.131030,1.120313,0.527287,1.026146,1.323473,0.345534,-0.170737,0.565721,0,25.665743
-1.641348,-0.651730,-1.137073,0.070666,-0.107114,0.169892,-1.056272,1.021457,0.639126,-0.213752,-0.822667,-1.372790,-0.811297,-0.491720,0.621605,0.355670,0.132479,-0.376817,-0.856052,-0.132565,1.185063,-2.173410,-1.562854,-2.203536,0.365933,1,31.289340
0.145632,0.117402,1.408513,-0.338827,-0.182345,-0.637646,-0.186189,-0.143793,0.355227,1.039717,1.256749,-0.067664,-0.108938,1.568368,-3.278114,-1.527027,-0.640245,-1.052674,-0.387184,-1.178448,-0.800340,2.505748,-0.426504,-0.229229,-0.126463,1,63.364406
1.067164,0.412790,-0.388062,0.438338,0.627737,-1.373695,-0.458426,-0.064846,1.066568,-0.152802,-0.797808,-0.579026,-1.189327,-1.475218,-1.013074,-0.157217,0.507293,1.131138,-0.429479,0.289353,0.169805,-0.801153,0.689447,-0.705340,-0.979776,0,64.526719
0.963597,-1.396153,0.215419,0.311244,-1.204102,0.010171,0.789423,-0.285773,-0.144365,0.754344,1.124667,-0.370018,0.484758,1.439474,-3.240492,-0.021711,-1.093696,-1.290018,-1.341834,-0.227352,0.217811,1.047876,-1.567239,-1.680650,1.206793,1,55.933920
-0.320215,1.865205,-1.058335,-0.785196,0.650728,0.594534,0.901355,-0.462334,1.102379,-0.874012,-0.147355,0.633166,-0.541805,0.066038,-1.405577,-1.010007,-0.307551,-0.204230,1.033376,-0.914644,0.662937,-0.635770,-0.701907,-0.089066,1.046632,0,56.087563
1.440936,0.955725,0.578148,0.120405,0.715562,-1.059346,1.284710,-1.153208,0.761700,0.279394,0.412615,-1.018500,0.444047,-0.274051,1.812088,0.567783,-0.358125,-1.582462,-0.773142,1.004422,-0.546854,-1.016070,0.829901,-0.721562,-0.842605,0,68.188123
-0.519883,-0.795615,0.089456,-2.552027,0.878053,-0.044891,-0.434546,-0.653966,1.501015,-1.233163,-0.267197,0.500980,0.746293,-0.307476,1.332632,-0.999769,0.666856,-0.008754,0.168459,-1.346771,-0.121130,1.931958,1.407754,-1.010977,-0.993233,0,37.022493
0.065096,1.144278,0.669931,1.031367,-0.119920,-0.613346,-1.006669,-1.173557,1.373739,-0.132595,0.843760,1.303197,0.884666,-1.318209,0.533081,-1.532835,0.763062,0.469270,1.680504,-1.625620,0.750925,-0.348541,1.447100,-1.074978,-3.055275,1,65.384697
-0.667865,-0.029018,-1.381163,-0.159445,0.195151,0.054880,1.321426,-1.006874,-0.289661,0.522011,-1.471990,-2.127522,-0.900932,-1.234044,0.636617,0.107469,-0.354109,-1.448503,-0.476453,0.315729,1.528039,0.472695,0.789808,-0.191860,-0.618139,0,45.834203
0.312337,0.817994,-1.202503,-1.507188,1.035511,0.267147,0.717737,-0.024630,-0.362656,1.039653,1.129011,0.824360,-0.457956,-0.127974,-0.196773,-1.440729,0.690889,1.640295,-0.413471,1.229953,-0.088247,0.527414,-0.797552,0.565003,-1.010699,1,66.360547
0.959546,-0.575238,-0.327144,0.268512,-0.185273,-0.131515,-0.459436,-1.265802,-1.143005,1.129388,-3.048935,-0.688848,1.661680,-0.571615,0.754748,0.257591,0.204978,-1.274151,0.827825,0.815722,-0.995625,-0.103100,0.305500,-0.175835,-1.415091,1,59.213887
0.032382,-0.173280,-0.622109,-0.545671,1.108667,1.005293,0.039470,-0.010541,0.822798,-0.808476,-0.653125,-0.102816,1.006476,0.032420,-0.632189,-0.062721,1.291612,-0.620141,0.120955,0.024329,-0.374320,0.692992,-0.063761,-1.890771,1.443579,0,54.083363
-2.766576,-0.261589,0.287222,0.237876,-1.716400,-0.878400,1.152763,1.232222,-0.136255,-1.550586,2.240491,0.176765,-1.510752,0.071787,-0.933587,-1.930449,-1.202057,-0.578076,-1.162236,1.423768,-0.065683,1.154894,1.216547,-1.285268,0.720045,0,16.907416
0.387861,-0.234960,-0.727013,-0.172875,-1.614440,0.373817,0.062478,0.357458,0.551870,-1.918773,-0.591780,0.088815,-0.110939,0.600403,0.447093,1.295323,0.018942,1.214027,-0.664370,0.229882,-1.419087,-0.285827,0.110106,0.434498,0.259343,0,49.545789
-0.092615,0.399565,-0.554648,1.592914,-0.582818,-0.813393,0.586302,-0.583852,0.969803,-2.117127,0.091674,-0.310971,0.961471,1.007372,-0.548763,-0.219807,-1.958339,0.344826,-1.068419,-2.249139,-0.475623,0.447493,0.088366,0.145603,-1.574381,1,44.466690
-0.069851,0.632867,1.315076,0.074135,0.045369,-0.510109,-0.228926,-0.846153,-1.535542,-0.264646,1.468388,-0.073858,-0.553048,-1.315600,-1.468780,1.037223,0.463511,-1.550739,-1.224119,2.071223,0.092914,-1.187359,-1.153783,-1.158396,-0.845527,0,44.923020
1.118462,-0.115290,-0.221990,-2.086987,0.654723,1.947945,0.726368,-0.323160,-0.134255,0.965692,-0.817599,-0.671963,-0.898332,2.776753,-0.784029,-0.346700,-1.250844,-1.046319,2.979354,0.143576,2.822818,-0.466006,1.019901,1.413794,0.749604,1,74.210011
-0.172456,-1.526962,-1.085465,0.426138,-1.600236,1.705814,-1.501457,0.680344,1.698745,0.719916,-0.863135,-2.549104,-0.240351,-1.474131,0.747211,-2.013433,-0.870826,-0.957967,-1.000020,-0.588163,1.161009,0.376734,0.795476,-0.690410,0.058165,1,40.968057
-0.085766,0.100579,-0.618078,0.153039,1.189696,1.413477,-1.133679,1.318978,0.205946,2.331661,-1.877511,1.500047,0.897106,0.332134,-0.578459,0.302028,-0.987405,-0.443331,-1.083862,0.245844,-0.547443,-0.212577,0.124235,-0.885047,-1.325996,0,54.267205
0.263028,-0.226004,-2.485456,0.945990,0.600634,-0.568960,0.979544,-0.552747,1.500651,-0.935949,0.784912,-1.594384,1.285059,1.546721,0.383267,0.429198,1.966930,-0.752939,0.703289,0.056060,0.554185,0.903953,0.798648,0.988069,0.872886,0,55.213113
-0.392178,-0.680677,-0.428957,0.985549,0.664918,-1.162220,0.717891,0.766903,-0.363614,-1.345997,-0.501155,-1.161301,0.230994,1.893978,-0.839039,-0.508588,-0.127645,0.552739,-2.014395,0.459660,0.181438,1.390633,-0.234727,-1.434924,0.421169,0,48.900770
1.301136,-1.676707,1.597018,1.407221,-0.064978,-0.120168,0.743736,-0.557939,-0.655830,-0.419320,-0.685830,0.336013,-0.215290,-0.207060,0.658195,-1.297439,-0.856648,-0.581184,-0.607308,-0.143263,1.472644,0.942007,1.267031,-0.944325,-0.344508,0,54.015861
1.812917,1.226541,-0.406438,-0.282415,-1.313187,1.021972,0.284792,1.342591,0.604402,-0.087295,1.452504,0.151401,0.233412,0.897842,-0.002807,0.241374,1.160884,-0.673889,0.520112,0.306041,-1.103157,-0.387846,1.514215,-1.209500,-0.343714,1,76.791379
2.288470,-0.330003,0.415842,-2.329987,1.249175,0.139247,-0.228380,0.935082,-0.161055,-0.987479,0.821108,-0.440769,0.549276,1.471927,0.229369,-1.186425,0.376925,-0.923612,-1.549792,0.112290,0.289389,-1.304163,-0.169715,-1.515132,-0.285756,0,74.178394
0.137243,0.392048,1.437254,1.050577,0.554191,-0.027641,-0.847577,-0.170420,-0.666998,-0.825155,0.604775,-0.147818,-2.287463,-2.126999,0.289204,1.207592,2.207517,-0.909318,-1.709978,1.617487,1.012195,-1.465097,0.912968,0.804847,1.852359,0,52.055807
0.265271,-1.533471,-0.060198,0.142845,-0.749718,1.670639,1.473033,0.565546,0.405283,0.894308,-0.031909,-0.684115,0.619122,0.413708,-2.660664,-0.261370,0.645064,-1.635994,-0.124596,-0.491277,0.077189,0.315369,0.382186,-1.397322,1.520063,0,44.424174
1.156973,-0.268153,-2.684028,1.351529,0.896553,0.987387,-2.309042,1.530560,2.271563,1.809561,0.710969,0.700729,-0.371233,0.145286,-0.761321,1.460616,-0.495886,0.058965,0.853257,-0.479462,0.937897,0.973788,0.838557,0.952200,0.850057,0,65.191263
-0.411654,0.333951,1.391428,0.557279,0.499191,-0.603545,-1.982807,2.010652,0.077407,0.122936,1.372859,-0.773655,-0.359883,-0.143931,-1.273437,-2.396695,-0.647443,-2.128232,0.004395,1.675022,0.820128,-0.814569,0.015681,-0.535140,2.000504,1,43.028155
0.061898,0.565907,-0.432134,-1.097913,-1.387714,-1.075515,-0.323913,0.695807,-0.563882,-2.684471,-0.180660,1.302773,0.968321,0.303985,1.008101,1.544072,-0.081135,-0.902799,-1.084504,0.398660,1.501652,1.053197,1.950999,0.210666,0.004053,0,52.089581
-0.286961,0.108501,-0.623025,0.720800,0.860610,1.527877,-0.180089,0.153196,1.207195,-0.121007,-0.495411,-2.494487,-0.514602,-1.164780,1.110281,0.437865,-2.161591,-1.335082,-0.207655,0.068531,0.708349,0.312741,-0.300890,0.716254,-0.481415,1,49.686454
0.538184,0.803033,0.953243,0.177780,-0.934659,0.492990,0.508023,0.434804,0.888614,-0.215367,-0.183340,0.286533,-0.083786,0.476775,0.845158,1.164805,-0.163642,-0.341815,-1.318064,-1.643037,-1.026718,-0.900305,-1.993414,0.190089,-0.777523,0,58.523488
-1.536496,-1.815903,0.427203,-0.469518,-0.409206,-1.099190,0.842547,1.106870,0.145136,-1.296445,-0.730503,-2.197395,0.055057,-0.906056,-1.213001,1.110614,-0.301577,0.313583,0.373737,0.155604,0.369442,0.927934,1.009445,0.193475,-0.244337,0,13.084553
-1.045484,-1.194847,-0.084082,0.147554,-0.758174,-0.622588,0.304843,-0.597687,1.508309,0.122563,0.241002,-0.434858,-0.228556,-0.700706,-0.264612,0.911870,-0.737997,0.108685,-0.091012,-0.057975,0.230268,-0.235652,-0.067557,0.688471,0.555976,0,36.313589
0.702436,2.222213,-0.553066,-0.214231,0.087683,0.257980,-1.295336,0.156864,0.238649,1.494886,-1.023179,-0.409908,-0.415132,0.403711,-2.112979,1.096732,-0.124815,-1.286040,-1.004172,0.066671,-0.030615,-0.270978,0.131207,1.985785,0.712916,1,73.434017
0.806850,0.497660,-0.171425,-2.042877,-0.144256,0.487080,0.159622,-0.020095,1.271624,-1.282878,-0.077382,0.233548,-0.157881,-1.518568,1.585941,0.862166,0.683785,0.929341,0.532652,-1.521337,-0.494489,1.333616,1.084108,-0.448345,-0.337992,1,56.977675
-0.999782,-0.423282,0.309995,-0.186485,0.312919,0.409743,2.289941,-1.090012,0.002082,1.146637,-0.063095,-0.247673,0.956887,-0.779883,-1.104368,-3.080581,-0.179731,-1.743156,0.079549,-1.517606,1.983412,-1.166659,0.623980,0.779782,1.023388,1,40.360256
-0.523835,0.714813,-1.185943,-1.049162,-0.324421,0.402948,0.566608,0.509713,0.323456,0.390001,-1.088160,-0.260568,1.695153,1.984518,0.469176,-1.055373,0.225027,-0.468212,-0.261401,-0.778588,0.319494,-0.956777,1.436263,0.178652,-0.749051,0,44.454167
-0.469730,0.544019,0.405386,0.873140,-0.824937,0.787917,-0.695621,-1.455678,0.239812,-1.600798,-0.797221,-1.397798,0.746685,1.141108,1.248208,0.178684,-1.106391,0.754106,0.479725,-0.589864,-0.085614,-1.326803,-1.336377,1.583502,3.116942,1,52.700911
-1.029404,-0.277070,-0.493216,0.190606,-0.375451,-0.228922,-0.261588,-0.157529,-0.399593,2.122569,-0.790352,0.443305,1.888598,0.242840,0.700800,-1.952111,0.460949,1.019178,-0.774525,2.088170,0.419780,-0.640654,0.401050,1.873276,1.731736,0,36.072709
-0.158896,1.070015,-1.582698,-1.013787,-0.628219,-1.156811,2.022106,1.151124,-1.187777,-1.419274,-0.336466,-0.668997,-0.549741,-0.938955,-0.347316,-0.504194,-0.626778,0.623113,0.195542,-0.919891,1.828208,-0.599538,-2.167037,-0.273821,1.089971,1,52.133591
0.172732,0.124134,1.417881,0.633028,0.118044,-0.800634,-0.881327,-0.471282,1.331219,1.081711,0.317856,1.578558,0.883849,-1.041335,-0.685603,-2.367523,0.391177,-1.694600,-0.646809,0.907077,-0.329106,-0.156163,-0.604142,-0.147929,-0.185544,1,68.641449
0.118760,0.197878,2.143460,1.074554,0.162649,0.252353,0.816019,-1.797180,0.316328,0.091479,-0.432943,-2.061043,0.586917,1.023162,-0.693803,-1.939951,1.040113,1.443525,-1.643693,-0.621058,0.035987,-2.064253,0.213664,-0.698948,-1.031963,0,55.847380
0.284333,0.066704,1.004415,-0.217972,0.055450,-1.111617,-0.459876,-0.990116,-0.643099,1.531151,0.390824,0.485935,0.411060,0.387483,-0.266022,-0.115292,-1.408484,-1.997645,-1.898459,-0.535504,0.441214,-0.784626,-0.063705,-1.277098,1.561767,0,54.294781
0.530320,1.554950,1.174794,0.269107,-0.132788,0.634017,-0.005541,0.990614,0.495649,0.275257,0.651509,-0.006816,-0.715880,0.110169,0.049941,0.643223,-2.571248,0.987850,-0.728020,-0.310565,0.127837,0.363856,0.519237,0.274507,1.549991,1,78.023180
0.294312,0.044352,-1.679331,-2.517896,-0.898298,-0.309018,1.141118,0.688443,1.392568,2.051200,-0.006315,-0.391180,-0.451295,-1.089350,0.156156,-0.290669,-0.371603,1.159094,1.574798,-1.168110,0.457877,1.509640,-0.532225,1.003211,-0.257922,0,52.963533
-0.186604,-0.345892,-1.250888,-0.071260,0.871627,-2.367009,0.727794,-1.162788,0.026640,-0.021691,0.563155,-0.042946,1.515111,0.133020,1.257798,-0.210003,1.717668,-0.988228,0.178397,1.074820,0.959646,-0.035085,1.357887,-1.144966,0.700789,1,39.698879
-1.573837,-0.330493,-0.077169,1.260664,0.345485,-0.736542,2.925634,0.555404,0.464319,-1.787869,-0.266458,0.630913,1.004318,0.654598,-0.991003,1.369751,-2.484237,-1.481674,-0.861765,-1.521064,-0.804619,-0.661971,-1.074397,1.211915,-1.211895,0,37.158758
0.564918,0.320233,0.803496,-0.441931,0.112086,0.542420,-0.254121,2.088688,0.389936,0.256316,1.110970,-1.396265,-1.873544,1.291788,0.195362,-0.338128,-0.357235,-0.994961,1.426677,0.613537,-0.003413,-0.521378,0.367027,-0.013825,-1.380610,1,58.344023
-0.970479,-0.953957,-0.423365,0.395763,0.947693,0.774511,-0.118589,-2.167027,-1.630951,-0.816378,-0.264724,0.574573,2.540628,-2.446483,1.310502,-0.277148,0.111426,-2.606281,-0.298407,-0.060216,-1.665896,-0.773561,-0.513916,-0.836886,0.565425,0,36.286486
0.053655,0.469841,0.652134,-0.244262,0.961537,0.377175,-0.440258,-0.262379,1.225189,-0.321455,1.911357,-0.356879,0.357917,-0.700689,0.669736,-0.631684,-0.149290,-0.305615,0.635829,0.890923,-0.185200,0.465519,0.338219,-1.253524,-0.317594,0,62.536910
1.625726,-0.450210,-0.809094,0.196760,0.298594,-1.736300,-0.909675,0.293383,0.412337,0.214324,-0.773508,0.110099,0.316355,0.443896,1.316302,-0.114079,-2.975384,0.169854,-1.387029,-1.883718,1.415312,-0.412930,-1.661082,-0.111986,-0.179770,1,64.166016
-0.024626,1.268115,1.081556,0.840242,-1.324327,0.759263,-1.418266,1.234402,1.539745,1.060858,-0.862868,-0.191844,1.240457,-0.826646,0.792023,2.183140,-0.816469,-0.219851,-1.686169,-0.357359,-0.190852,-0.862949,-0.329497,0.539501,1.628986,0,49.176279
-0.769620,-1.055836,-1.381414,-1.578571,0.473654,-0.263725,-0.579755,0.522759,0.227532,-0.242260,-1.290213,1.333307,0.630725,0.305748,-1.064569,1.517609,1.090114,0.161958,-0.005106,-0.096311,-0.211382,-0.177329,-0.136395,0.095057,-0.409263,0,30.138070
-1.366048,1.199169,0.126565,0.128583,1.088438,0.844247,1.511055,0.337398,0.911618,0.121037,-2.635121,0.613505,-1.273313,-2.199947,-0.638302,0.756436,0.091587,-0.698662,-1.437866,-0.212224,0.253022,0.298807,1.244357,0.971583,0.540831,0,46.450390
0.673147,-0.382021,0.592103,0.798786,0.948629,-0.381563,-0.249405,-0.475349,1.381930,1.526334,-1.309998,-0.846592,0.529245,-0.037406,-0.460767,2.006221,-0.983299,-1.071031,-0.470234,-0.218911,-0.296635,-0.801337,0.215552,0.071177,1.408076,0,53.844340
-0.257927,0.784840,-0.742332,-0.591498,-2.325789,0.356824,1.004116,0.173524,1.546870,-1.827456,-0.738288,-0.483782,0.170944,-0.190723,0.677729,-2.438275,-0.841473,0.966653,-0.194416,0.979909,-1.097764,0.355333,0.392385,-0.475147,-0.369848,0,38.214399
-0.034025,1.851773,0.570516,-1.886537,0.795061,-0.051828,-0.239865,-1.138210,0.766710,0.172531,-0.521793,0.136402,0.524106,-0.065437,1.816278,1.752522,-0.217289,-1.511375,0.844555,0.456459,0.497354,-0.313062,-1.314059,-0.995552,0.954571,0,63.772119
0.047133,-1.080094,1.432917,0.093808,0.018219,0.456707,-0.797602,0.584088,2.255352,0.602346,-0.767949,0.785014,-1.573574,1.213762,-0.581824,-1.017419,-1.313832,-1.381007,-1.685853,-0.120718,-0.301384,1.058867,0.127487,-0.316439,-0.101098,0,43.153607
-0.338774,-0.620986,-0.656808,-0.341490,-0.419548,-0.876652,1.100005,-0.212021,1.493322,0.640286,1.213545,-0.216842,0.132512,-0.400844,0.052083,-0.020156,-1.000901,-0.942240,-1.683580,0.753842,1.277861,-0.926078,-0.656043,-0.453372,0.098296,0,40.987814
-0.811670,-0.144264,-0.209561,-0.628274,-0.558147,-0.721284,-0.919164,1.439170,0.374751,0.016572,-1.232482,-0.601639,0.550037,-0.328097,0.226077,-0.052263,0.507391,-0.161084,-1.366170,0.289295,-0.151555,0.270339,-1.350505,-0.900870,-1.006295,0,40.627188
1.354416,0.031243,0.175734,-0.824338,0.166564,-1.450207,-0.054385,1.556962,0.183491,-0.284088,-0.164126,0.097441,-1.002450,0.237598,0.996853,-0.106830,0.933099,0.846728,1.320721,1.253105,0.939032,0.043303,0.847393,2.797361,0.199341,1,73.514168
-0.044273,-1.000369,-0.087683,0.520400,-0.430367,-0.830503,-0.750371,0.891200,-0.306924,-1.401644,-0.217444,2.144733,-0.952295,-1.524711,-0.140986,0.302365,0.349367,-0.679500,-1.037791,-0.078719,-0.948158,-0.544647,1.422142,0.483114,0.962419,0,46.494734
-0.149471,2.361396,-0.263107,0.437490,-0.368307,-0.424853,0.489058,1.027900,0.520811,0.002151,-1.354752,0.576856,-0.028088,-1.265721,-0.434660,2.223160,-1.173498,-1.932340,-0.016858,0.553041,-1.720553,0.774128,0.804874,0.384585,0.540893,1,62.152505
-0.037307,-1.067620,-1.048952,1.294319,-1.002312,1.893115,-0.188665,-0.157167,0.681986,0.319484,0.720667,-1.541334,-0.204771,2.192700,-0.985748,-1.990574,0.181849,1.080918,0.766582,0.390052,-2.149575,0.715771,0.440196,-2.192704,-0.165897,0,43.974683
-1.557336,-0.326001,-1.380800,0.008873,-0.711349,-0.533591,-0.069191,-0.260668,-1.022547,-0.123029,1.211596,-2.166312,1.018786,0.303026,1.138785,0.778073,1.327184,-0.278603,0.717100,-3.210641,0.311895,-2.350768,0.305606,0.368339,0.141870,0,24.068817
-0.622379,1.535650,-1.079118,-0.734965,0.004977,0.371200,-0.089953,-0.050622,-0.340675,-0.814763,-0.119549,-2.134686,-1.119028,-0.985839,-0.830300,-1.083471,-0.188957,2.302273,0.297062,-0.749024,0.659781,-0.581114,0.717179,0.086363,1.151205,1,54.970317
-1.170036,-1.169897,-0.252825,-1.381380,0.936901,0.477554,-1.336569,1.570083,-1.391889,0.677849,-0.185545,-0.989957,1.561404,0.849851,-1.026329,0.151723,0.928940,-0.710917,-0.093810,0.491035,-0.085272,0.246329,1.407977,0.694225,-1.200558,0,37.527594
-0.441271,0.029668,1.662744,-1.963092,0.731522,0.528610,0.136634,0.020964,0.112512,-0.887857,0.732951,-1.059154,1.410142,0.354177,1.694374,1.437242,-0.615576,-1.444903,0.290882,0.908473,0.393569,0.979064,1.240043,-2.410160,-0.492925,1,56.157404
-1.010366,0.054148,-0.965647,0.980813,-0.018468,-0.315538,0.156967,-0.275132,-1.162573,1.468880,0.359474,1.060995,1.462487,0.480702,1.503123,0.401295,0.338951,-0.308691,-0.483236,0.688899,0.995000,-0.000578,-1.650306,-0.015141,0.502499,0,38.265702
0.359009,-0.298291,0.208496,-0.356232,-2.197846,1.042137,-0.218814,-0.249951,-0.505508,-0.487006,-1.286999,0.176759,-0.715426,-0.461465,-0.467848,1.260991,0.335102,1.275424,-0.184133,-0.722715,-0.682436,0.342648,-0.833905,0.889554,-0.192192,0,53.672412
-0.415431,-0.708091,-0.075280,-0.943610,0.423096,-0.283995,0.064309,-0.235185,1.198417,0.029113,-0.605039,2.144265,-1.966444,0.646983,-0.976692,-0.370143,-1.197424,0.118566,-0.431585,0.039812,-0.896217,-0.122825,-0.252046,1.686356,0.383011,0,49.564190
0.422017,0.266214,0.152935,0.368621,0.439949,0.649209,-0.935829,1.594836,0.048857,0.586874,-2.087183,0.425513,0.914113,-0.400628,-1.710424,-0.540483,-0.208874,-0.741628,-0.888008,-0.234962,-0.400969,-0.418910,-1.575368,0.216178,0.011180,1,61.381746
0.365298,-0.784492,1.662697,-0.770056,0.217650,0.117550,0.312654,1.661496,0.449338,-0.341478,0.960848,-2.471377,0.537200,-0.698791,-0.366117,-2.324386,0.745592,0.255230,0.207489,-0.613561,-0.511467,0.885994,0.837017,0.801334,-0.109259,0,46.007016
0.994069,0.367681,-0.109349,-0.452396,-0.675930,1.412603,-1.669339,-0.373804,1.057896,0.641135,0.881144,-0.291703,0.074777,0.226777,1.971255,-1.414228,0.576570,2.261932,-0.069777,-0.226775,-1.032719,-0.375773,0.472571,-1.601134,2.414486,0,73.937476
1.043030,0.581492,-0.159235,-0.838506,-0.646273,0.714164,-0.342019,-1.591420,1.062070,0.836975,0.206316,0.025085,-1.353141,0.337597,-0.733139,-1.279883,-0.434117,1.043545,0.666925,0.506330,-0.331466,0.312943,0.173813,-0.271957,-0.221831,0,64.938036
-1.072189,-1.770763,0.600814,-1.718396,-1.245948,0.851367,-0.713443,-0.453490,-0.420077,-0.050767,-0.627025,0.271053,0.024684,0.993913,0.971258,-0.097471,-0.698725,-1.173825,1.076478,1.135513,1.351776,-1.000309,0.516128,-0.018098,-0.669304,1,37.179592
-0.308789,1.163372,1.137403,-0.324098,-1.608096,1.546800,-0.239222,0.675705,0.961616,-1.902827,1.497596,0.744013,1.128891,0.831315,1.337080,-0.199213,0.391877,-1.157726,-0.598600,1.287405,0.640378,-0.388668,1.247147,-0.283663,-1.491671,0,48.116715
0.204496,-0.672986,0.204740,1.668329,0.759135,0.543259,1.431625,1.085417,-0.560112,-0.488990,-0.613287,0.320841,-0.463729,-0.438741,-0.110994,1.003292,1.142139,0.407346,0.240477,-0.298844,0.190531,1.634182,2.112939,-0.652798,0.161377,0,54.091106
-0.544511,0.029404,1.916273,-0.077258,0.277266,0.082083,0.035227,-2.862397,0.576336,-1.425828,0.507364,-0.093953,-0.267403,-0.680816,1.180274,0.187024,0.829949,1.474494,2.133632,1.714703,0.193575,0.893995,-0.993251,-0.274967,0.328165,0,47.699525
-2.434018,0.040419,1.003058,0.184013,-0.607603,-0.127754,-2.929171,0.272728,-0.885785,0.896341,0.768698,1.036723,-0.365815,0.891256,-1.505560,1.128040,0.600554,0.003495,0.880329,-0.298679,-0.752965,1.245207,-0.963517,-0.278387,-0.826571,0,31.845149
-1.036272,-0.008567,-0.289210,0.981449,0.616399,0.238733,1.242866,-0.054828,-0.917235,0.258905,1.406144,1.017998,-0.019782,-0.327750,1.141275,1.309320,0.053159,1.774236,-2.040746,-0.610529,-0.498922,1.557970,0.896585,1.152065,-0.271807,0,37.676263
-0.090274,-0.544851,0.146739,0.914322,1.232516,0.304324,0.509799,-1.103632,-0.309265,-0.651605,0.374184,-0.068221,-0.249864,-1.287880,0.566780,1.932863,-1.449155,-1.335804,0.832203,1.386385,-0.324725,2.268940,-0.296398,0.863196,1.628080,0,53.108190
2.279158,0.148166,-0.917429,-0.339430,0.085887,-0.326849,0.359032,1.444050,-1.034569,-0.782594,0.993375,-1.010713,1.228550,-0.324834,0.752130,-1.526187,-0.317454,1.319153,1.747279,-0.427070,0.688333,0.285080,1.269845,-0.206514,-1.306499,1,91.455093
0.515235,-0.216177,-0.332518,0.666776,0.474728,-0.585720,0.501659,0.099148,-0.189561,-0.475306,-1.322316,-0.212588,-1.207658,-0.957135,0.846504,1.085628,1.154846,-1.098017,-0.313759,0.945417,-0.469965,-1.491950,0.192753,-1.316079,1.342617,1,60.618159
-0.774454,-0.109575,-0.950720,-1.221492,-0.713392,-0.198870,-0.278989,0.905756,0.225837,-0.022537,0.337308,1.434837,-0.439632,-1.162537,0.693739,-0.108887,-1.908973,0.571822,1.992182,0.346292,1.543274,1.012119,0.117011,1.050122,2.790957,0,41.276184
0.622146,-1.528403,0.374111,-0.604180,0.214970,0.178154,-0.255578,0.587722,-0.744725,0.559746,-1.400108,-1.034674,-0.020988,0.510482,0.156179,-0.093531,-0.245052,0.063369,0.024616,1.566920,0.031416,-0.342995,-0.075470,0.482993,1.616294,0,45.623641
0.435872,-1.900742,0.450666,-0.601389,1.211456,0.995607,0.415846,-1.020599,0.160882,-0.019318,-0.703445,0.321456,-0.105765,0.274734,2.144112,-0.195928,0.358449,1.750843,0.629824,-0.250077,-2.357487,1.207860,0.492256,0.181359,0.850074,1,61.362056
-0.185967,-0.085643,-0.907650,0.847009,1.360643,0.087909,2.200269,-0.441258,0.713800,0.223031,0.578053,-0.344025,1.342537,-1.919187,0.000717,-1.662007,0.169304,-0.726337,1.110623,1.641743,-0.040552,1.237184,0.016264,0.849061,-0.514956,0,49.113600
1.131232,-1.414302,-0.654252,-0.938852,-0.083409,-1.500420,2.183296,-0.489790,1.713246,0.578856,-0.613431,0.166812,1.839950,-1.182976,0.635594,-0.787454,0.021685,-0.093069,-0.722827,0.729021,-0.188432,-0.626543,0.342331,-0.061904,-2.353594,0,48.939782
-0.561098,0.636361,-2.443895,0.443358,-2.293770,-0.813554,-0.041884,-1.655244,1.290293,0.762540,-1.636748,-0.272003,-1.735499,-1.654134,-0.127725,-0.199962,-1.337696,-0.222441,0.240534,0.255013,-0.281632,-0.687926,0.607035,-0.222785,0.504269,0,33.044687
-0.646128,-0.703330,1.810760,-0.828841,-2.125331,0.232169,0.020631,-0.895769,-1.011994,0.554531,0.488757,0.478416,0.711336,-0.547038,0.053744,2.121261,-2.493739,1.226022,1.052927,0.241188,-0.017482,-0.353156,1.109518,0.689421,0.060602,0,39.851147
-0.603096,-0.191639,-1.343009,-0.721416,0.337728,-1.645095,-1.667978,-0.055890,-0.156048,-0.424875,-0.740883,-0.259899,0.405525,-0.265440,-1.195110,0.964781,1.271761,-0.715847,-0.212002,-1.906755,2.352068,0.119195,1.181846,-1.489708,-0.298432,0,35.353832
-1.431356,3.040440,-0.600667,-0.922685,0.085493,-0.830076,1.169169,0.777486,0.013953,-1.566078,-0.215843,0.608502,0.024941,-0.218404,-0.948796,-1.418107,0.085182,-1.217876,0.762107,-0.692827,-0.656339,-0.082190,0.726425,0.846178,0.598260,1,49.325496
0.928454,1.928329,-0.879804,1.211419,-0.230695,1.391023,0.119142,-0.704573,-0.788338,-0.320283,1.821785,-1.429244,-0.330703,-0.744683,-1.319781,0.000515,1.149881,-0.234893,-0.901900,-0.649958,-0.693244,-0.397265,-0.784504,-0.012246,0.883414,1,75.845105
0.038248,-0.977655,0.153617,1.609222,0.346068,0.099918,-0.944240,0.490239,1.651767,0.675003,-0.504528,-1.043754,-0.474148,0.699946,1.286357,0.815861,0.069244,-0.552978,0.225269,-0.223725,0.627435,-0.519977,-1.425710,0.218574,1.647949,0,43.735486
0.219971,-0.150359,-1.775509,-0.406621,-0.831576,-0.066258,-0.058778,0.691243,0.803177,-0.298888,0.841744,-0.768406,-1.012257,-2.462511,1.007424,0.945463,0.168069,1.139881,0.401122,-0.191900,-0.821634,0.317876,-0.159793,-0.100929,-0.639531,0,43.742078
0.888750,0.878272,2.439936,-0.204806,-1.385947,0.026702,-0.514743,0.413596,-0.483153,1.349923,-0.242428,0.920599,-1.648147,-0.438741,-0.216624,0.451056,1.023828,-0.658005,-0.811139,0.175906,0.267012,0.725796,1.750884,0.457190,-0.860715,0,58.327308
0.049886,0.712238,0.735465,1.608948,0.123126,1.062405,-0.268428,1.279931,-0.455365,-1.225189,0.832351,-0.087109,0.161073,-0.611208,0.236033,0.155999,2.399334,0.069963,-0.307326,1.321738,0.539891,1.036579,0.304345,1.839431,0.119113,1,57.096592
-0.544287,0.545187,-0.445057,-1.285997,0.350561,-0.555738,1.298181,-1.172038,1.342410,1.372684,-1.744008,-0.585422,-0.620602,-0.064115,0.556043,2.230260,1.794279,-1.425681,0.618309,0.356675,-0.921768,-1.478783,1.918906,1.081138,-0.607837,0,50.689545
-0.531169,-0.793641,0.766469,0.281005,0.880357,0.517794,1.523076,0.932172,-0.050168,0.035553,-0.098357,-1.117416,-1.577166,0.564400,0.393144,-1.121482,-0.897876,-1.533541,-1.309228,-0.908444,-0.010592,0.466126,-0.374695,-0.694290,0.454995,0,38.296021
0.309031,1.552095,-0.008698,0.097366,-0.954137,1.647801,-1.869251,-0.567302,-1.525747,0.889675,-1.742581,0.889104,-0.038447,-0.284765,1.180508,0.857378,-1.148167,-0.452153,1.674628,0.949239,-0.383645,0.618012,2.114767,-0.580628,1.488571,0,62.928784
-0.305085,1.617438,1.378982,-0.064937,0.962289,-2.458672,0.737198,0.351930,-1.469126,-1.343081,-1.097061,-1.190243,-2.013565,0.150527,1.343604,2.001091,1.316195,-0.099647,1.161295,-2.090701,0.534293,0.166992,-0.770257,-0.766288,-0.518841,1,60.355900
-0.553993,1.367938,0.398261,0.050134,0.838391,-0.997551,-0.197130,-1.359080,-0.134702,0.339188,0.733925,0.579237,-0.554245,0.509685,0.611329,0.022580,-0.049499,-1.884637,-1.657036,0.314808,1.394594,0.017720,1.879017,0.856171,1.980751,0,45.732347
-0.051552,-0.052249,1.242006,-1.315569,0.003641,-0.204038,1.424343,1.150349,1.575205,-0.146245,-0.072871,-1.019761,1.707272,-0.696853,-0.728623,0.572299,0.064617,-1.426149,-0.648087,1.050395,1.108185,0.749825,-0.544065,0.873955,0.084911,1,63.960156
-1.226740,-0.007935,-0.928495,-0.052420,-0.399431,-1.674297,1.091852,-1.025506,1.302530,0.807312,-0.306031,-2.176743,0.286369,1.359441,-0.140687,-0.701737,-0.909942,0.817443,0.163501,0.451115,-0.163451,-0.205256,-1.004152,0.195593,-0.320686,0,29.159211
1.070704,0.099239,0.107050,-0.233953,1.394606,-0.254414,-1.358387,0.706721,0.512256,1.699899,1.485928,1.512651,-1.020186,1.395992,-0.259744,1.089519,1.093017,-0.885772,1.631751,-0.022439,-1.005127,-0.886713,-0.062233,-0.795532,0.402188,0,64.722482
0.345971,-1.158337,2.246866,-1.172697,0.529279,-0.640678,-0.343008,0.598063,2.913582,0.078934,0.483932,1.563326,-0.277243,0.249012,0.724048,-1.084098,0.325331,-0.366958,-2.286484,-0.344843,0.368175,-0.505807,1.652573,0.946585,0.037889,0,51.929296
0.959582,0.146996,0.852849,0.730705,-1.536591,-0.159548,1.128533,0.489397,0.129217,0.208151,0.124177,-0.667186,-0.279899,0.773893,-0.902550,1.801927,-1.726758,0.022763,0.590641,0.755513,-2.520887,-0.706100,-0.993817,-1.281642,-0.223474,0,56.016557
0.571732,-0.740479,0.726862,-0.793715,-1.130588,0.489219,-0.289878,2.762091,-1.765972,0.204639,-0.275126,0.444294,0.172908,0.856995,0.458082,0.868093,0.323006,-1.138645,0.490001,0.796096,-0.449163,0.691198,-0.326718,-0.109667,-0.190302,1,49.980111
1.054495,0.583077,-1.115997,-0.559047,0.135881,1.791218,-1.061885,-0.332919,0.136487,-0.806145,0.018855,0.833657,-0.979610,0.152895,1.250064,-0.571692,-1.195818,0.237731,-0.901906,0.456603,1.298139,-0.320939,-0.404110,-0.643501,-0.791433,0,65.505793
-0.286925,-0.197826,0.754181,-1.951728,-0.575135,-0.653439,0.295554,0.386889,-1.440548,-0.081060,0.838512,-0.783216,-0.099560,-0.267677,1.398901,0.084476,0.182321,-0.108053,-0.298798,-0.262767,-1.571239,0.712518,1.724973,-1.007867,-1.412711,1,53.376902
-0.421160,-0.333696,-0.675935,-1.181036,-1.804744,-1.048591,-0.336319,0.747423,-0.047382,0.254106,-1.811443,1.094781,-0.691727,-0.423010,1.735554,1.697785,0.219407,1.444978,-0.382352,-0.597388,-1.364158,1.976890,0.696478,-0.844208,-0.110478,0,34.185491
-0.689042,0.264752,0.392492,2.986748,0.478346,0.553140,-0.368717,0.177198,0.936621,0.850735,-0.187439,-0.108449,0.179944,-0.361857,-0.919782,1.013403,0.530771,0.643418,-1.033273,-0.319236,0.570029,-1.838118,0.315832,-1.068254,-1.098416,0,53.295353
-0.167139,2.890350,-1.511908,0.077909,-0.745049,0.263145,0.193183,-0.626735,-1.002135,0.974233,-0.118976,-0.659206,-0.353001,0.810328,0.240547,0.544388,-2.571297,-0.165691,0.492917,-0.510478,-1.082722,0.326049,-1.814745,1.051293,-0.948444,1,56.886003
-0.760801,-0.190353,1.380435,-0.120406,-1.247780,-1.869874,0.784947,-0.640459,-0.363582,0.674112,-0.457440,-0.957260,-0.115387,1.250806,1.434147,0.193484,-0.695306,-0.359009,-0.878673,1.625584,-1.702148,-0.684012,-0.280822,0.255036,-0.089352,0,26.692519
0.334798,-0.324791,1.299582,-0.682886,-1.550596,1.970780,1.591032,1.175669,-1.303484,0.122383,-0.884757,1.612439,0.711682,1.285655,-0.714575,0.966319,-0.945849,-0.419433,0.520012,0.270238,0.586259,-0.990738,0.973030,0.908409,-0.762641,1,76.876385
-0.259243,-0.185900,-1.099856,0.830402,-0.384586,-1.288412,0.094310,-0.876820,-0.189230,0.742799,1.677070,-0.236209,0.605696,0.413885,2.502419,-1.327757,-0.511683,0.907316,0.890755,-2.332005,0.744121,-0.354548,0.793054,0.919042,-1.422015,0,41.151214
-0.044001,-0.777054,0.392169,1.592238,1.195943,0.170485,-1.396505,-2.058981,0.619018,0.193937,1.165780,0.102212,-1.792943,-1.304270,-0.848920,-0.137683,2.271308,-0.658851,0.428678,0.694847,-0.563211,-0.670222,-0.427732,0.081168,1.649568,0,55.301992
-0.699069,-0.379598,0.605214,0.575766,0.014534,0.423162,-0.333954,0.839150,0.620696,0.252526,-0.590925,-0.142434,-0.514018,0.323040,0.257555,-0.172934,-0.152952,0.107150,0.521160,-2.092062,-1.329729,0.642749,0.296401,-0.893312,0.573294,1,40.372096
-1.778150,-0.484532,0.406914,2.268142,1.758838,-0.422997,-0.241110,0.497826,-0.576852,0.039175,0.491770,-1.040982,0.230466,0.739282,-0.320262,-0.387553,-0.521294,-2.123910,-0.628619,-0.089748,0.342647,-0.612139,1.127890,1.682024,-0.926941,0,38.825271
-0.125626,-0.382181,-1.393193,0.289117,1.317693,0.076727,-0.486371,2.089055,-1.267047,-0.147044,-1.867359,-1.398574,-0.343376,0.317627,-0.026442,0.325604,0.220737,0.341260,-0.638575,0.323134,0.286270,-0.448061,0.116709,0.190292,0.238772,0,42.015408
-0.301844,0.449541,0.679453,3.204905,-0.064674,0.249724,-0.479980,0.437337,-0.701040,0.340551,-0.171648,-0.637026,0.581821,0.991780,-0.272915,-1.804844,-1.862106,-0.324488,1.135808,0.819323,0.334019,-0.167295,0.208739,-1.430206,0.878666,0,46.012942
-0.838571,1.313104,1.910977,-0.733006,0.687395,-1.195720,2.411400,-0.291870,-0.756866,-0.376782,2.249703,0.508625,-1.536677,0.961408,2.063605,-0.384792,-1.340022,-0.221730,0.077501,0.394810,-0.435010,0.502509,0.533284,-1.014970,-1.037137,0,39.385947
-1.053911,0.620306,-1.175577,-0.617623,0.269893,-0.611960,-0.792916,0.701976,-0.048183,0.324178,-1.669399,-1.218925,-0.273503,0.903019,0.343655,-0.335710,-0.371421,-0.684426,-1.328612,-0.609146,-0.018359,0.281541,1.284935,-1.285542,0.852593,1,41.929059
-1.484078,0.649316,0.809452,0.066392,0.289515,0.732639,-0.428041,1.218608,1.671814,-0.658121,-0.707127,0.494537,0.268351,0.815952,-0.352934,-0.056200,1.172052,0.772020,0.053344,-0.556104,0.121285,1.163468,-1.132076,0.311716,-0.919907,0,33.158311
-0.414300,-0.138152,0.071055,-1.303545,-2.222910,-1.178754,1.923383,0.669861,-0.163486,1.212733,0.338538,-0.427087,-0.250602,1.075973,-1.071418,-0.483332,-0.213860,-1.593097,-0.488537,0.578275,1.088646,-0.420930,0.606249,-0.173984,0.005611,0,35.629170
-1.070467,0.361478,-0.541944,1.436133,-1.631757,-0.194278,-2.239959,-0.327679,1.132633,-1.265704,0.277114,0.121131,1.014488,-1.726256,1.582588,-1.991503,0.715835,0.907274,0.716858,-0.123415,0.419244,0.316156,-0.422602,0.563388,1.191078,0,37.811609
0.101260,-0.059055,-0.190259,1.111181,0.638072,-0.478538,0.036220,-1.404827,1.131534,-0.675629,1.336498,0.912841,0.369950,-0.165542,0.113604,-0.549176,0.909293,-0.131453,0.544285,0.399849,0.273061,-0.050420,0.195297,1.345011,-0.555711,0,56.764185
-0.242280,0.646538,1.122124,0.787778,-0.623457,-0.893833,0.164025,-0.512138,-0.084971,-1.343501,-0.042624,-0.056089,-1.242080,1.078949,0.818581,-0.611278,1.069947,1.258992,0.244952,-1.231792,1.339380,-0.352319,1.458757,-0.290480,-0.244361,0,46.828230
0.133485,0.413139,-0.172715,-0.585790,0.773866,1.239181,-0.383090,0.758234,-1.017605,0.085657,-2.181930,0.822829,1.401485,-0.468281,-2.631530,-0.360015,0.345384,1.081311,-0.401508,-0.968152,-1.213592,-0.197628,-0.996515,-0.443408,0.106409,1,62.444471
0.747911,0.063217,-0.650337,0.721451,1.103530,-0.080084,0.270062,0.480248,-0.097683,0.605333,-1.337200,-0.273293,-0.001653,1.055511,1.416033,0.841264,0.241249,1.155600,0.101432,-1.314777,-0.844917,-0.135400,0.454267,-0.730047,-0.967344,0,67.217654
-0.448274,1.405871,-0.554440,-0.600828,-0.146261,2.399012,0.265272,1.036599,-0.430877,0.991299,0.303170,0.969665,0.653988,0.881112,-1.263348,-0.197425,0.691502,-0.848587,-0.345528,-1.922680,0.414494,-1.260141,-0.074530,0.359170,-1.397936,0,53.473411
1.719548,1.967679,1.021208,1.671466,0.669535,-0.854918,0.056467,1.170000,-0.672932,0.533796,-0.730835,0.058257,1.122721,1.121502,0.500279,1.899259,1.116940,0.109963,0.454887,-1.711420,0.130077,0.617664,1.084048,0.779579,0.123104,0,79.866897
-0.269349,1.199164,0.439021,2.734659,-0.990434,1.112692,-0.025892,-0.195241,0.698512,-0.421831,0.729144,-1.098863,0.278998,1.688663,-0.280423,-0.272579,-0.583118,0.226841,0.009127,-1.974915,-0.148076,1.195377,-1.848632,0.168454,1.609682,0,58.203279
-0.112185,-0.423930,-0.653811,0.739986,-0.099634,-0.227112,1.366987,-1.109306,0.353805,0.768889,-0.686641,-0.827588,-0.713249,-1.160861,1.212941,0.874209,-1.745981,0.279603,0.341168,-1.497281,-0.970873,0.325365,0.809318,0.464888,0.791078,1,39.237350
0.057868,0.453478,0.726155,-0.168083,0.137192,0.014009,-0.887503,-0.779113,0.643328,0.805227,0.961667,0.929336,0.550458,-0.965749,0.135648,2.033596,-0.301248,0.340580,-1.158530,1.393663,-0.966322,0.657334,0.980371,-0.856480,1.934117,1,50.947171
-1.634479,1.803689,-1.287315,0.902515,-0.429074,1.323605,1.029687,-0.517140,-0.720293,0.003747,-0.201198,-0.697766,0.442617,-1.093674,1.263556,1.286017,-0.886998,0.604876,0.263886,1.658111,0.056858,0.870917,1.005246,2.235620,-0.486449,1,43.872503
-0.852924,0.592194,0.043497,0.407179,-1.433340,0.230830,0.729348,2.193568,-0.110777,1.686447,-0.855814,-0.277783,1.106198,0.789860,0.302868,-0.947706,0.281272,-1.210382,-1.345607,0.437619,0.879094,-1.251919,0.142695,-1.397534,2.010612,1,39.569822
-2.181386,-0.993806,0.864826,-0.872079,-0.283982,0.162995,0.687036,-0.022009,-0.167299,-1.168936,0.298763,0.913482,-0.150331,0.610969,-0.299016,-0.533926,-0.059628,0.092835,0.933867,0.909235,-0.571989,-1.159441,-1.890919,0.327795,2.997123,0,21.474516
-1.672441,-1.106031,0.305526,-1.555784,-0.085849,0.255872,0.507316,-0.421821,-1.165801,0.959399,-0.443061,-0.191780,-0.225819,-0.994551,-0.183552,0.834454,-0.550847,0.679927,1.890615,-0.304560,-1.160017,-0.311168,-0.253602,-0.523723,0.129623,0,25.183949
-0.896121,-0.742847,2.346951,-0.414075,-0.250950,1.419387,0.518624,-0.652989,0.424338,-1.103116,1.043374,0.196149,-0.915757,1.428769,0.438347,0.763768,1.038674,-0.287368,0.568449,-1.539183,1.195419,-0.105818,-0.337613,-1.009094,0.039709,1,40.515075
-0.400242,0.403802,2.023569,-1.880089,1.426251,-1.803187,-0.444039,0.430196,-0.087217,-1.364531,0.475605,-0.914973,0.813526,-0.747287,0.912335,-0.636883,0.311880,1.552302,1.298250,0.936233,-0.455663,0.507841,-0.473221,-0.581110,1.429601,0,52.261499
1.177701,0.078165,-0.412358,-0.702306,-0.437875,-0.281248,0.075312,0.222459,2.464933,1.097797,-0.156381,-0.523911,0.735517,-1.393300,-0.222885,-0.407732,0.358363,0.088128,-0.413702,1.935215,-0.207786,1.067007,-0.075981,-0.005211,0.324283,1,63.759581
0.723954,0.462102,0.155057,0.187854,-1.143214,1.455092,-0.393729,0.357968,-0.567762,-1.114505,-0.829688,-1.054669,0.146691,-0.528790,-0.571747,1.470095,0.832031,0.161162,-0.088412,-1.267477,-0.768700,0.139803,0.136169,0.626958,-0.501064,0,64.912531
0.222466,0.118353,-0.433837,-0.885747,0.450399,0.344721,0.571753,-0.684689,0.375598,-0.589331,-1.672808,0.768579,0.634249,-0.189296,-1.107888,1.256917,-0.658664,1.398480,-0.372547,-0.414946,-0.149341,-0.928207,-0.686474,-0.609378,-0.279988,1,56.515050
-0.089411,-1.125520,-0.507045,-0.370218,0.505919,-1.528495,-1.244459,-1.784084,-1.053346,-0.207535,0.115211,-1.340933,-0.102615,0.531415,0.211570,-0.069041,1.134296,0.108154,-2.684692,-0.395774,0.424378,-1.031219,0.775233,1.625973,-0.091100,0,43.243965
0.346680,0.566743,1.263813,-0.986520,-1.301235,-0.655929,-0.792206,-0.798721,-1.238513,0.729823,0.897137,0.753243,2.809123,0.048269,-0.252408,0.497518,1.896212,-0.708716,1.347271,1.007561,-0.871600,-0.078446,0.803042,-0.165425,0.562471,0,52.545693
-0.367219,-0.631429,-0.379337,0.350882,1.287718,0.647461,-0.879965,0.981626,-1.083934,1.250398,-1.499671,-0.416317,-1.039414,-1.358532,2.238324,-1.090926,-0.049379,-0.080567,0.228136,-0.147425,0.175712,-1.064590,0.914268,-0.276047,1.791811,1,53.543745
0.077966,-0.555610,0.114844,-0.211026,0.985114,1.069098,0.894381,1.082576,1.944657,-0.300875,-1.492056,0.049181,1.525353,-0.622023,0.574230,-0.507236,0.496691,-0.896696,0.977248,0.351004,0.188463,-1.234361,-1.452206,0.431779,-0.631649,1,61.088353
0.357767,-0.103703,0.851197,-0.274942,0.124936,0.008894,0.234713,0.940256,0.472020,0.441195,0.279105,2.121078,0.316466,-1.160332,-2.648911,0.387430,0.826281,1.017036,0.513596,-0.982944,-0.452849,-0.962926,0.903325,0.917404,0.543417,0,54.649985
0.010839,0.223815,-0.752933,-0.502030,-0.581519,1.053675,-0.240106,0.253292,0.220400,-0.572019,0.192049,0.392415,-1.236237,0.574389,0.721036,1.675303,0.089160,0.632893,0.330684,1.011678,0.108559,-0.152314,1.026052,1.678329,0.370238,0,50.730928
-0.545497,-0.187316,0.167740,-0.084743,0.633221,0.323776,2.098131,-0.480667,-0.176469,-0.489394,0.696995,1.174096,1.081079,-1.321524,-1.125318,0.147985,1.473295,-2.369811,-0.262835,-0.490766,0.320619,-0.180256,0.927266,-1.028899,0.374725,0,51.789217
-0.738841,1.055847,0.760025,-2.186888,0.383700,0.736612,0.336174,1.642121,0.316626,0.084383,1.820339,-0.286978,0.159618,-2.972431,-0.279619,-1.963741,-0.622932,0.640730,-1.462340,-1.157068,0.484581,-0.715317,2.562228,1.502525,1.319023,0,45.756428
0.092607,0.471297,0.234457,-0.577667,-0.462308,-0.627829,-0.155956,1.064725,0.942266,-0.780798,1.403214,-0.377038,-1.015117,0.526915,1.142132,-1.291824,-0.568776,-1.336975,1.235077,-0.591292,-0.310909,1.076760,0.317334,-0.146190,1.488797,0,48.626468
-1.036949,-0.322667,-0.114021,-0.593568,0.506576,-0.236605,-1.070451,-1.309861,1.670474,-0.313801,0.105531,-1.015574,-0.918311,-1.172800,0.865222,-0.509176,-0.931843,-0.942368,-1.949530,-0.706840,0.787316,-0.501145,-0.320138,0.540028,-2.979556,1,42.890599
0.660490,-0.881959,-0.960271,-0.954912,0.653919,0.709715,-1.807105,1.027369,-1.311812,0.541854,-1.587098,-0.317223,0.285384,0.745297,0.260817,1.399326,-0.006043,0.030190,0.800852,1.294451,-0.399594,-1.543034,1.158525,-1.110986,0.059054,1,67.720706
-1.195715,1.221269,-0.667702,0.330373,1.032339,-0.831765,-1.083554,1.107997,0.891834,-1.010740,-0.912023,-0.915342,1.381058,-0.499598,0.072831,-0.160115,0.976490,-0.597745,-1.788534,-0.837979,1.606368,0.002439,-1.034951,0.689508,-1.177180,0,40.793475
0.906923,0.412384,-1.131073,-0.364472,0.828558,-0.477354,-0.675149,0.565427,-2.327206,-0.199874,0.692806,0.471954,-0.254145,1.185732,-0.425220,0.891409,2.077488,0.237260,1.120609,-0.153605,0.127643,-0.273775,-0.500305,-1.395702,-0.398980,1,75.100932
-1.176266,-1.551696,1.410007,0.709155,0.614777,-1.238282,0.779106,-0.845743,-1.035885,-0.055261,-0.493035,-0.538118,0.303342,0.282918,-1.933333,0.779423,-1.699429,0.106688,-0.255235,-0.075319,0.064447,-0.136624,0.788638,1.090515,0.020903,0,27.148790
-0.575450,0.437493,0.744253,0.760282,0.066906,-0.416359,-0.587188,-0.017763,-1.062622,0.405394,0.584427,-0.713454,-1.517395,-0.270811,-0.786340,-1.078183,-0.277345,0.285873,-1.048446,-0.349013,0.551388,0.450729,-0.176462,0.463072,2.204222,0,51.576802
0.229499,-0.267860,-0.427483,0.400635,-1.209318,-0.239080,0.345930,1.998082,-0.460198,1.108191,-0.028349,1.555431,-2.049638,-0.432789,-1.135220,-1.106552,1.243655,0.942586,-1.299066,0.121241,1.961565,-0.511625,1.301541,0.763601,0.024207,0,41.992274
0.018800,0.597838,1.535380,-0.592180,-1.499451,0.389815,-2.161637,1.012872,-1.062628,1.222494,-0.101056,1.583520,1.185630,0.163314,0.842561,0.974189,0.092697,-0.338025,0.156734,0.484159,-0.359807,-0.744725,-0.801032,-0.696202,0.166265,0,41.799233
0.346213,-0.557174,-0.552267,-0.585746,0.343956,-0.265627,0.306318,0.186566,0.454312,0.334107,0.883392,0.043418,-0.247178,1.524672,-1.765714,-1.166261,1.436131,-1.821588,-1.015421,0.449970,0.857145,1.144914,0.978685,-0.819591,0.260341,1,54.654632
1.001516,-0.058544,0.065525,-0.084931,0.262673,1.057476,-0.419587,-0.538543,1.513860,-0.916968,0.404936,-1.329146,-0.368394,-0.979911,-1.595682,-1.697143,-0.770447,-0.696225,1.129752,0.477476,1.447171,-0.083922,1.480315,-0.027129,1.380672,0,55.185376
0.209810,1.349661,-0.705360,-0.609022,-0.994626,1.256340,-0.985505,1.151498,-1.355194,-0.523401,0.023199,0.058536,-0.423498,1.004229,-0.592143,1.250655,1.622791,-0.021876,0.864557,-0.408951,1.747785,0.895371,-0.513835,0.473100,1.136911,1,56.370006
1.274141,-0.638181,1.567269,-0.841095,0.657369,0.165136,-0.602606,0.769992,0.589126,1.465724,-0.452996,0.743251,-0.540097,0.009960,0.000782,-0.228407,-0.041467,-0.647245,-0.445254,-0.697771,0.516377,-1.576786,0.165853,0.871450,0.342334,0,58.521092
-1.271015,1.169229,0.491864,0.800614,1.079421,-0.427639,1.087163,0.350219,-0.242529,-1.414695,0.299079,-0.034508,1.341225,-1.130745,-1.066258,0.495746,0.980553,-1.373123,-1.576804,-0.317905,0.496130,1.135860,0.014264,1.582641,0.006692,0,41.316919
-0.562389,-0.535498,0.064960,1.093687,-0.363819,1.498526,-0.025231,0.276554,0.826026,0.338162,-0.124981,0.545945,0.032330,-0.839830,1.702688,0.934494,-0.257329,-1.541734,-1.164723,-0.575258,-0.814081,-0.667050,0.260835,0.972925,2.090067,1,54.190740
0.837481,0.367610,-0.484244,-0.476541,0.540057,0.794366,1.575590,-0.061338,0.310975,1.372291,0.435861,-1.808032,-0.346103,0.856554,-0.129611,1.090774,0.804807,0.039740,0.316367,-0.991017,-0.164786,-1.071135,-1.114568,0.897638,-1.785028,0,66.858096
0.537871,-1.035779,-1.242160,1.578167,-0.491812,-0.824813,0.558673,1.772908,-0.386522,-0.225135,0.772187,0.358809,-0.409416,-0.757119,1.238283,-0.557267,-0.697591,0.062635,0.345449,0.099017,-0.287446,-0.862423,2.381574,0.924699,-0.961712,1,44.119213
0.955839,0.360553,-0.408915,0.037524,-0.566530,0.244912,-0.320862,-0.564687,1.032986,0.336682,-0.878279,-0.142840,-0.176437,0.213880,1.393226,0.978629,-1.522933,2.115494,2.044185,1.369254,-1.083104,0.851938,-0.244385,-0.570890,0.106836,0,64.969420
0.063171,0.445198,-1.957365,-0.160026,-0.003100,-2.174470,0.560848,-1.110043,-0.066743,0.254976,0.205850,0.844395,-1.199871,-1.105328,0.539587,-2.253353,-0.064926,0.169893,-0.408678,1.081264,0.917938,1.629384,-3.328471,-0.870180,0.142352,0,48.481556
-0.346556,0.436912,-0.905615,0.463381,0.610609,1.212173,-0.591207,-0.445538,0.250841,2.995082,-0.562476,0.217770,-1.642159,-0.753690,-0.345777,-0.121341,0.155772,0.529696,-0.864742,-0.403220,-0.784812,0.781106,-0.178429,-0.690910,0.724635,1,59.300560
0.242654,-0.850530,1.030242,0.789122,-0.630595,0.812545,1.473420,-0.390374,-1.948710,-1.949715,0.713185,-0.693530,-0.510946,-0.216981,-0.349255,0.498577,-0.600462,1.679104,0.073822,-0.115775,-1.379887,1.062163,-0.351907,0.578603,-0.460288,1,54.718195
0.437744,0.850734,-0.777641,-1.097409,-2.324575,0.287018,0.220140,-2.497025,-0.778308,-1.399370,0.088791,-0.761589,-0.492435,-1.194393,-0.533415,0.709193,-2.069059,-1.594162,-1.359603,-1.258333,-0.943972,1.662876,0.433808,0.375872,-0.125943,1,64.043266
1.078032,-0.755959,-0.300062,0.985529,-2.075976,0.940829,0.902524,0.805843,-0.979524,0.873716,-1.023091,0.904392,-0.989922,-0.272182,-1.783349,0.106134,-0.585750,0.713362,-0.243553,0.318404,1.714414,2.042534,-0.535920,2.478389,-0.196081,1,58.625492
2.037027,1.127935,-1.984920,-0.385357,0.354095,-1.778805,0.726740,-0.840019,0.535732,-1.337360,0.268188,1.692409,1.351279,-0.417048,0.874915,0.562545,1.082720,-0.870095,0.048494,0.926031,0.673012,0.525612,-1.765231,0.105960,-1.442707,0,75.634805
0.691674,-1.122775,0.238577,0.061692,-1.306516,-0.928554,0.413485,0.038068,0.123510,0.378399,0.758999,-0.050562,0.453025,-0.273026,0.308858,0.455972,-0.194899,-1.236680,-0.322791,0.564459,0.969127,0.230158,1.054473,0.461415,-2.027304,0,49.930577
0.053582,0.729383,-1.119619,1.841576,-0.236301,-0.294787,-0.608523,0.715661,0.739255,-0.092911,-1.363370,-0.038077,0.963382,-0.867283,-1.073213,0.374952,-0.849051,-0.796883,-0.503268,0.601772,-1.584922,1.044265,-1.836699,0.586492,-1.609681,0,51.959761
-1.872565,0.734899,-1.003421,-0.519011,-2.149925,0.866353,1.856219,0.601803,-1.336116,-0.557083,1.041259,0.982835,1.403506,1.922607,-1.741305,-0.667444,0.185105,-1.237496,-1.060461,-1.119754,-1.018387,-0.322514,-0.295557,0.311321,0.775868,0,34.623247
0.442379,-0.565869,-0.573912,-0.075772,0.835061,-0.257197,0.739283,0.973004,-1.788967,0.414578,-2.822748,-1.453537,-0.113872,1.026805,-0.238359,0.703037,-0.398122,-0.038185,-0.497502,0.953054,-0.204462,1.126843,-0.222978,0.119539,0.531403,0,44.536007
-0.643061,0.326141,-1.538646,0.438039,0.253038,-1.049991,0.272973,-1.120247,0.389462,1.775214,1.873849,0.671870,1.279777,-1.727653,-1.204687,0.898242,-0.015591,-1.062496,0.077594,-1.839592,-0.349632,0.633384,0.961534,1.031457,-0.701367,1,44.280971
-0.669614,-1.035950,-0.203553,1.773404,-1.783587,-0.364193,-0.506780,-0.772735,-1.895087,1.059769,-0.039320,1.874656,0.411938,-0.938580,-0.143766,0.573916,0.892669,-0.487049,-1.036532,0.552916,-1.018765,-0.282068,-1.538341,0.347508,-0.787423,1,38.295392
1.140961,-2.607083,-0.433172,-0.964245,-0.348404,0.068005,-0.972284,-1.513334,-1.000496,-0.136398,1.592135,-0.300817,0.308271,1.579171,2.745372,-0.544737,-0.537679,-1.343720,0.308673,-2.203610,-0.001928,-1.543271,-1.259539,-0.746027,-0.275546,0,44.247824
0.586435,1.072448,0.850279,1.339382,-0.613141,-0.007361,-2.017436,1.112234,-0.058807,-0.391399,1.083087,1.163911,-0.555116,0.708055,0.475318,2.576135,-0.858653,-0.504551,1.250336,-0.127392,0.283344,-1.008110,-1.344495,-0.354953,0.372414,1,55.857297
0.369053,-0.355378,0.621161,-1.370108,-0.144985,0.641431,0.702071,0.946890,1.464405,-1.726619,-1.450928,0.378933,0.222992,0.616570,-0.650097,0.024740,0.012925,0.202843,1.961191,-0.569436,-0.868637,0.151008,0.130542,0.885333,-1.262374,0,49.251704
0.007943,1.164491,-1.065349,-0.912639,1.050445,1.892257,-0.340661,0.555000,-0.139076,0.494204,-0.359105,-0.206967,-1.215273,-0.988938,-0.621409,0.254910,0.626065,-0.415060,0.184754,-1.132603,-1.367973,0.834258,-2.059759,-0.789060,0.826542,1,68.222443
0.400018,-0.690597,0.355002,-0.702300,1.629475,-0.320917,0.370260,1.372030,-0.777484,0.317713,-0.312318,-0.257233,0.571717,-0.899823,-0.213383,1.257293,1.102298,1.254310,-0.952210,0.859697,0.756642,1.731433,-1.621443,0.724521,1.119277,1,58.432215
0.970735,-0.599922,0.037021,-1.256470,-0.924561,0.440718,1.936927,-1.991659,1.811059,-0.226848,-0.152845,1.749188,-0.035074,-1.814970,-1.166453,-0.614939,0.455309,1.312814,0.318285,-2.072645,-0.882545,0.391496,-1.342520,1.004022,0.230950,1,51.293075
0.674291,0.328490,-0.370139,-1.397820,-0.183024,-0.074094,0.071560,-2.325838,1.457359,0.163935,0.386143,-0.603121,-0.844128,1.057813,-0.743571,-0.839409,-0.476566,0.701775,-0.337582,-0.036951,0.130379,-0.634912,2.142361,0.614538,-0.812496,0,68.213667
0.985232,0.235349,1.017698,0.187431,1.001964,0.031975,0.390147,0.477620,-1.287935,-0.547936,-0.434569,0.236392,-1.290907,-0.086892,-1.864233,-0.618065,-0.622319,-1.005997,1.582106,-0.662496,-0.259097,-0.022041,1.396072,0.701491,-1.970519,1,71.347971
-0.703834,-1.463529,0.880231,-1.324413,1.659815,0.408539,-0.842974,-0.229490,0.802704,0.690747,-0.297714,-1.156284,-0.467349,0.207535,1.043013,-1.238520,-0.602360,-0.575335,0.807390,0.548477,-1.040080,-0.164789,-0.651589,-0.133839,-0.652212,1,49.558430
0.745010,0.509566,0.322889,0.481544,0.882058,-2.107170,0.272377,-1.605349,0.385773,-1.070267,-0.712339,-0.193812,1.139175,0.051129,0.406113,1.256265,0.790650,0.955363,-0.216623,0.067336,0.435822,-0.361169,-1.762040,-1.015843,-0.896983,0,49.118826
0.261454,-0.251274,0.099669,-0.528510,0.889147,-0.883627,-1.624338,-2.286739,-0.420503,-0.535763,-1.000328,-0.687439,-0.476545,0.573159,-0.246836,0.435255,-1.532589,-0.117628,0.229151,0.808047,-0.369816,1.204963,-0.179872,-1.223401,1.305004,0,49.015786
1.067638,-0.891264,1.320542,-0.157893,1.962080,0.447530,-0.536241,1.605604,-1.613624,-0.377634,-1.227674,-0.563957,0.080078,0.486628,0.059233,-0.686824,-0.562593,0.372321,0.300354,0.355972,-0.631365,0.077834,-0.694120,0.385434,-1.605106,0,57.541222
0.449929,0.270253,0.128399,0.184075,-1.523833,0.496447,-1.282599,1.097193,1.246839,-1.063607,0.514465,2.228485,0.096178,-1.732253,0.702738,4.100322,0.185577,-0.436366,0.242601,-0.702178,0.731172,0.137575,0.541287,-0.890789,1.174224,0,58.308423
0.751650,2.147529,-0.086872,0.021348,-1.287455,-2.124238,-0.515861,-1.276093,-1.067969,-1.569677,-0.713685,0.097788,0.165889,1.291559,-0.566811,-1.606471,-0.480398,0.192787,0.454137,2.640537,-0.678036,-0.002133,0.206537,-1.580863,-0.948207,0,59.724609
-0.545230,-0.736617,-0.989257,-0.859241,-0.221499,-0.384945,-0.103983,0.600269,0.593921,0.308004,-0.011623,-0.301319,0.824176,-0.150696,-0.957088,1.133156,0.616643,-0.659313,0.529791,-1.048933,0.482628,-0.771392,-0.789305,-0.984167,0.850875,1,45.173579
-0.724555,1.214335,-0.792470,-1.396109,0.867423,1.353077,0.011206,0.674805,-1.088758,-1.589587,0.856924,-1.067329,0.182793,0.524896,0.232674,2.066069,0.331999,-0.410513,0.082600,-2.095784,0.332928,0.514231,-1.316382,0.931202,-0.584621,0,52.613176
-1.700005,0.819604,0.954781,2.390275,0.360599,-0.262062,-0.727162,-0.202302,1.838776,-0.395546,0.802474,0.060949,-0.624676,0.067062,-0.962339,0.716759,-0.092757,-2.632449,1.035315,-0.378740,-0.744847,-0.939981,0.154609,-0.457711,0.585319,0,38.725176
1.498108,1.379326,2.297510,0.548586,0.240162,-1.636105,1.499681,-1.940813,1.195886,-0.390639,-1.135573,0.307266,-1.350204,-0.268616,0.975485,1.653109,0.160111,0.201069,-1.809236,1.951392,0.582086,-0.136851,0.121275,2.123874,-0.911212,0,62.601061
-0.404224,-1.195180,0.383489,-1.618288,1.042758,0.838369,-1.744345,-1.241857,-0.961659,-0.336064,0.739177,-0.509221,1.376486,1.872731,-0.653854,-0.287551,0.617654,0.435378,0.290187,-1.255296,0.427526,-0.807383,0.192066,-0.646696,1.119252,1,47.835296
-1.239011,0.209027,-2.869665,-0.416414,-0.462919,0.227301,-0.547731,1.103775,0.099762,-0.432615,0.620465,0.877367,-0.360260,0.762583,0.135888,-1.459067,0.324320,1.842410,0.534327,-0.125631,0.148682,0.301365,0.433757,-0.009118,1.030096,0,40.545246
1.226101,1.080675,-0.812769,-0.270897,-1.335066,-1.227293,0.758892,0.871490,-0.021901,-0.712637,-0.062031,-2.369024,0.530597,-0.446734,0.958964,-0.771994,0.740414,0.361480,-1.058153,0.886091,-1.638870,0.085080,-0.468214,2.533598,-1.329026,0,64.751072
-1.101203,1.691708,-0.939334,-1.910130,1.236054,-0.669988,-0.047374,-0.056392,0.374615,-0.031929,0.917317,-2.045168,-0.648260,-1.067855,-0.030075,1.552545,-1.650772,0.542651,1.319214,0.591632,-0.046046,-2.386134,0.981565,0.593566,-1.899305,1,50.413346
0.007738,-0.744323,1.413273,0.179314,-1.612106,-0.657214,-0.183480,-0.615339,-0.453117,-0.014355,0.465237,1.832067,0.839518,0.482117,0.405800,-0.184734,-1.042073,-1.835427,1.046668,-0.154796,-0.653189,0.495464,-0.419901,-0.510176,-0.472121,0,42.187233
0.678708,0.599248,-0.124891,0.019542,1.259898,0.238909,1.693029,0.643001,-1.450410,0.078699,-1.298685,0.147674,-1.404803,0.674709,0.313183,0.842771,-1.944035,0.731173,2.432901,2.006827,-1.484847,0.382780,-0.213869,-0.232823,-1.164160,1,63.755805
-1.100199,1.135543,-0.146943,2.160250,1.855036,0.610212,0.512770,-0.260115,0.632905,0.404351,-0.385418,-0.236992,0.622112,0.821948,-0.154428,1.023456,-0.729199,-0.764294,1.811038,-0.470880,-0.553594,-1.695383,-0.002156,1.128757,-0.753254,1,51.335923
-0.878768,1.053289,-0.176834,0.043774,-1.097209,1.171834,1.637963,-1.101510,1.965163,0.331663,-0.062149,-1.597082,-0.032501,0.233959,1.510222,0.037984,0.506354,0.658786,0.639214,0.185003,0.702603,-0.601940,-1.237083,-0.255241,0.580124,1,42.344956
-0.135437,1.720272,-0.978062,0.506546,1.680046,0.341529,-0.588504,0.559658,2.487916,0.238475,-0.548752,-0.381884,0.641578,0.688786,-0.312933,1.724942,0.197844,0.029963,0.762731,-0.306379,0.739211,0.051950,-1.803902,-1.106499,2.528770,0,54.008635
0.420504,-1.447308,0.504085,-0.358789,0.072806,0.440285,0.318941,0.078607,-0.058291,0.791525,-0.314595,-1.686027,0.717457,-1.357309,-1.223777,-0.348788,0.373956,0.213587,-0.274151,-0.042446,-1.456450,-0.251185,-0.695011,0.089287,-0.852195,1,63.254520
-1.008729,1.109809,2.195298,1.385959,1.990894,0.109112,0.698609,1.557236,-0.517511,-1.010997,-0.680539,-1.448088,0.084798,0.114883,-0.605433,-0.962019,0.095149,1.622662,0.671661,1.182823,0.918768,-1.240130,1.079319,-1.957262,-0.433999,0,50.752928
-0.129358,1.230835,-2.525618,-0.969447,-0.472003,0.210667,0.920654,1.101915,-0.350424,-0.194489,-0.414238,-1.846901,-0.993756,-1.108032,-0.128777,-0.532467,-1.833130,-1.801669,-0.773077,0.639234,0.001515,-2.009401,-0.918211,-1.004637,-1.988518,0,59.524136
-0.697669,-0.168341,-0.478682,1.800448,-2.913245,0.912920,-0.197686,-0.084640,0.404116,-0.204668,-0.345060,-0.545469,-2.097429,-1.680011,0.344114,-0.506701,0.118785,-0.097908,1.089942,0.539396,0.756880,1.626382,0.022384,-0.856688,-0.798790,1,31.745612
0.932205,0.268291,0.307417,0.888313,-1.001034,-1.088450,0.536856,0.030278,-0.501988,-2.478080,1.585252,0.465726,1.510853,0.973177,2.109082,-0.853602,0.627912,2.725379,0.890361,0.796796,0.070345,-1.700871,0.003347,-0.972634,1.270801,1,62.800475
0.183229,-0.622587,0.434229,1.595290,-0.100035,0.942822,-1.419563,-1.857924,1.048050,0.557905,-0.762393,-0.464610,-1.518032,-0.120984,-0.725541,-0.553070,0.731016,0.590795,-0.216330,-0.752153,2.159624,0.426951,-0.724067,0.336269,0.680856,0,51.900793
-1.088741,-0.682261,-1.506693,1.021885,1.397918,-0.123359,0.456792,2.139192,-0.951459,-0.399266,1.169913,1.199525,-0.974424,0.623375,0.040702,1.178592,0.726743,-0.963597,0.367974,-0.665168,0.642930,1.379979,-0.272434,1.162655,-0.506589,0,44.724432
0.535448,-0.736893,-0.280306,-0.444857,0.133309,-0.334510,-0.381527,-1.974689,1.204811,0.096689,1.363433,0.641131,-0.218979,0.311186,-0.603116,-2.289525,0.430127,-1.133146,0.458411,-0.430136,-0.130950,-0.189327,0.972098,-0.544875,-0.343585,0,48.868917
0.018625,-0.300643,0.981169,-0.427598,1.251482,0.383265,0.098803,0.356935,0.012285,0.386523,-1.639053,-2.167863,-1.169919,-2.677263,0.658961,-0.414170,-1.190144,0.559646,-0.092212,-0.046051,-1.069328,0.468084,-1.213138,0.840280,-1.746273,0,49.414344
0.257365,-0.565679,-1.057970,0.175728,0.218839,-1.955613,0.486925,-0.721292,-1.149819,0.034215,0.475379,-2.228158,0.258700,0.841545,0.719612,0.001075,0.530835,-0.117803,0.101279,-0.407145,-0.564380,-0.345687,0.096406,-0.110629,1.093877,1,53.289982
1.419470,-0.197584,1.004235,1.885759,0.612321,-1.184451,-0.472419,0.534307,0.597726,1.084584,-0.379332,-0.417924,1.614418,1.444800,1.077652,-0.376156,-1.174339,-0.030049,-3.351566,-0.639573,-1.000952,-0.761683,0.684165,-3.178132,0.188898,1,75.166035
0.823943,-0.925742,-0.265249,0.563386,0.573064,1.145393,-0.359407,-0.762233,-0.449189,-0.661294,-1.952334,0.657032,-0.083468,0.582318,-0.763034,1.516613,-1.022050,-1.713282,0.469547,-0.720385,0.266993,-1.101953,-0.164965,0.806747,-2.411327,1,60.289557
0.203821,0.189703,-1.605410,-0.023851,-0.868055,-1.670336,0.543115,-0.859772,-1.081091,0.572374,1.091518,0.800683,0.897297,2.004827,0.193727,-0.517090,-0.483277,1.855400,2.053251,-0.238495,-1.314504,1.225111,-1.194276,-0.184374,1.960637,0,40.202415
0.456091,0.171545,-0.762408,-0.336877,0.656286,-0.719729,-0.991390,0.283694,1.006680,0.050728,-0.860031,-0.995777,0.783352,0.802332,-0.746733,0.361501,0.393799,0.787168,1.978702,0.272134,-1.869945,0.629112,-0.602357,0.476967,0.126387,1,58.196771
-1.667928,-0.246784,-0.485013,1.054458,-0.879537,-0.233297,0.733214,-0.648718,-0.389553,0.729020,-0.587476,0.080470,-0.259355,-0.219850,1.389442,-0.145781,-1.185505,1.087202,0.805530,0.187314,0.158171,-1.137484,0.877417,0.845662,-0.242829,0,27.666852
2.751783,-1.480874,-0.896643,0.168347,-0.074698,0.398962,-0.321439,-1.763934,0.639562,0.286849,0.948247,0.266624,0.651212,-0.111046,0.917872,1.207633,0.834243,0.850539,0.508100,-0.392766,0.416380,-1.274138,-0.576938,-0.670430,0.318790,1,84.274958
-0.203672,-0.279125,-0.621610,-0.085889,2.275702,1.133599,0.310113,0.036846,-0.074994,-0.104203,1.641163,0.727671,-0.813496,1.586050,-0.236100,-0.496357,1.065900,-0.581167,1.144130,1.319705,-0.776844,-1.384059,0.774130,0.758850,-1.144239,1,62.400092
0.041136,-0.943341,0.217374,1.739932,-1.554339,-0.412017,1.423753,-0.321535,1.634511,-0.425487,-1.006587,-0.549962,-0.518518,0.428241,-1.935086,-0.430888,-0.745401,-0.569724,-1.614963,-0.799745,0.301868,-0.418746,-1.658236,-1.245537,-0.584893,1,41.294200
-0.073975,-1.674226,-0.706479,-0.300326,-1.632813,1.553374,0.218953,1.138086,-0.261590,2.247989,0.829049,-0.387011,0.199947,0.651523,0.529289,0.744893,1.270245,1.574509,0.019146,-0.468343,-0.673226,-1.803004,1.072491,0.077895,0.426817,0,37.825069
-0.526660,-2.453779,0.301182,-0.571673,-1.647045,-0.361146,1.337681,-0.379325,1.280272,1.206926,-1.931536,0.862582,0.838174,0.984848,0.612698,0.702669,-1.255599,2.038824,-0.480035,0.149878,-0.262051,0.678879,0.684625,0.292203,-0.110421,0,28.426680
-1.694811,0.066924,0.046173,-1.485371,1.469727,-2.983969,0.765358,0.647318,-0.665555,-1.240145,0.743309,-0.695077,-0.136360,1.903507,-0.790488,-0.691158,0.687256,0.541259,-1.429457,-0.538572,-0.745706,0.704549,0.613479,0.081236,-0.876132,0,30.306143
-0.755909,-0.057759,-1.989994,0.002518,-0.303891,0.086562,0.445365,0.871539,0.162467,1.406511,-1.761625,-0.664380,0.555337,0.494188,0.578216,0.117155,0.135087,1.207022,1.756362,-0.051104,1.071007,0.570072,-0.697286,1.144700,0.352691,1,38.012135
0.398151,0.713349,-2.085205,0.610242,-0.182156,-0.798376,-0.957340,0.619838,-0.125954,-0.423550,-0.675939,-0.635625,-1.457347,-0.263497,-1.829283,-0.256098,0.246596,0.608010,0.703695,0.474270,1.334204,-1.389180,0.189000,1.743755,-0.091323,1,61.735888
-0.953822,0.116230,0.730263,-0.791418,-0.437566,2.030781,0.279810,0.411173,-0.919821,-0.518879,1.276760,-0.061438,-0.321282,-1.120180,-1.350021,-0.003568,-1.213968,0.305679,-0.571689,0.377048,1.985828,0.862445,0.027370,0.043752,0.663147,0,38.130917
-0.300182,1.930358,0.202306,-0.505888,-0.168433,0.158009,0.630524,-0.399504,-0.156863,-0.254856,0.908248,0.274969,-0.473965,-0.484548,0.438944,1.465407,1.240516,-0.203951,0.372021,0.110829,0.650147,-0.234732,-0.015502,1.100328,-0.794541,1,66.705366
0.118527,-0.082693,-0.669565,0.336751,-0.896583,0.859344,0.946514,0.545261,2.545418,1.975854,-0.473289,0.534677,0.231425,1.298966,1.050934,0.913794,-0.132498,1.062070,-0.067828,1.004685,-1.035171,-0.675965,-0.756684,-0.353597,-0.695001,1,48.966036
-1.550675,-1.957114,-1.031903,0.588716,-0.537211,0.076944,0.197841,-0.012303,-1.746467,-0.001790,-0.029995,0.066556,-0.366495,-0.017457,-0.215494,1.610915,0.276468,-1.092740,0.245665,-1.048289,-1.160930,-0.710477,1.526334,-0.697489,-1.056256,1,24.324208
-1.332319,-2.538031,-0.297718,-0.132240,-1.757279,-1.136838,0.229296,0.985594,-0.510966,0.347791,1.050143,-0.893237,0.643478,-1.150864,-0.871511,0.877152,0.544264,-0.612774,-2.365322,-0.560787,0.549844,-0.258406,0.251275,1.094169,0.150132,0,13.287746
0.048405,0.194016,-1.096530,-0.439326,0.678307,-1.294634,0.065509,1.579743,-1.322070,0.436240,1.104777,-0.425027,0.096077,0.419801,0.550187,0.498229,-0.862999,-0.479129,0.807867,-0.249964,-0.983989,0.682771,0.315602,-0.294488,-1.106235,1,53.871859
0.222583,-0.629398,-0.689826,-0.047490,-0.069124,-1.557629,-0.861607,-0.528274,0.448385,1.692765,0.430618,2.387368,1.391902,0.231523,-1.325146,0.021432,0.843766,-0.436890,0.311306,0.694138,-0.258708,-1.103163,1.037374,-1.654262,1.054679,0,45.306807
-0.002661,1.377000,0.110498,0.800572,-0.490692,1.381085,0.780492,0.248381,0.126165,2.020151,-0.597244,1.575872,0.609647,0.396088,-0.648631,-0.114796,-0.217663,1.094902,-0.096318,-1.473071,-0.562314,1.149118,-0.481383,-0.107591,-0.245742,1,58.923493
-0.430040,2.311576,-1.322660,1.102132,-1.513466,-0.768742,0.208200,-1.001370,0.348746,0.367397,-1.429021,-0.190669,0.560038,2.334727,0.105149,-1.362192,0.376495,0.301022,-0.040556,-1.010664,-0.062508,0.765267,0.245245,-0.664607,-1.662514,1,59.094137
1.006103,-0.192561,0.193242,1.426373,-0.389845,-1.009039,-0.441430,2.952466,1.538575,-0.412293,-0.572963,0.282053,0.592058,1.425889,1.404539,-0.205584,-0.844613,-0.020287,-0.058159,0.990908,0.485921,0.241942,0.758919,-0.716308,0.698113,1,56.016416
0.813255,0.988686,0.980590,-0.166709,0.619448,2.138959,-0.536735,-1.133962,0.555882,0.773155,-1.101236,0.737004,1.070070,0.958774,0.773710,0.326484,-0.176017,0.256097,-0.451014,-1.977826,-0.713639,-0.806631,0.517115,1.745604,0.684406,0,62.412081
-0.233719,-0.314730,1.391264,0.802815,-0.612238,-0.892301,-1.587464,0.798708,-0.103375,0.831585,-1.412629,-0.623438,0.984658,-0.806439,-0.063576,0.384436,-0.239397,0.400878,-0.050013,-1.426961,-0.483758,-0.510409,1.999966,-0.763257,-1.770086,0,37.901864
-0.179427,0.802733,0.526360,1.070674,0.692844,1.912259,-0.003717,-0.618125,1.096428,0.229443,1.124694,-0.643065,1.673174,-0.592879,0.010174,0.195221,0.336006,-0.141453,-0.455068,-0.113019,0.107523,-1.165707,-1.077056,0.203400,-0.895822,1,65.534774
-1.817550,0.844614,-2.077971,0.543414,-1.024833,-0.393804,-0.929955,-0.015198,0.185041,0.591511,-0.169890,1.477395,0.405255,-1.395586,1.279051,-1.670605,1.135543,-1.525749,0.039659,0.734293,-1.495244,0.619474,1.392200,-0.585598,0.039623,0,27.137436
0.307426,0.476729,-1.524898,0.054259,1.575250,1.651540,-1.534177,-0.504666,1.600931,-0.030257,-0.778257,-0.703471,0.410125,0.267414,0.956365,1.100809,-1.173956,-0.870266,-1.272292,2.099187,0.597265,-0.781703,1.489861,-0.322043,1.036403,0,66.479025
-0.674815,0.108063,-1.434448,-0.361101,-1.592483,-1.037035,1.507967,1.177971,0.026856,-0.645716,1.069606,0.298421,0.078324,-0.916461,0.089707,0.725537,-0.282891,-1.290985,-0.489280,1.623284,-0.427014,-0.088568,-1.227571,1.385115,0.038666,0,44.585201
-0.514129,0.303441,-1.759744,0.337979,-0.579233,-2.738760,-0.544492,0.485815,1.360663,0.135953,0.560583,-0.643116,0.536735,-1.472084,0.898201,-1.050689,-1.983222,-1.373495,-0.023862,-0.481973,-0.096183,1.120490,1.007901,0.499584,0.835656,0,37.860137
0.704949,-0.107303,-0.523075,-0.453135,0.842630,-0.005738,0.413097,-1.027589,-0.997037,-0.129141,1.074677,0.054408,-0.643394,0.748979,0.542415,-0.712456,-0.025328,-0.371385,0.780922,-0.424922,0.418794,-0.431247,0.084956,0.660678,0.334994,1,65.694785
0.548202,-1.028004,-0.023704,-0.357008,0.753022,0.133685,1.259892,0.274569,0.612523,0.736176,0.044336,0.114505,0.446870,0.216359,0.361640,0.742278,0.161715,-1.322511,-1.479942,-0.560799,0.481758,-0.809029,-1.725789,3.098229,-0.151385,1,63.484274
-0.014993,1.522199,2.171599,-0.658324,0.121770,-0.024811,1.193784,1.727234,0.317955,0.149476,0.035874,0.138663,1.864581,-0.437152,-0.881587,0.191812,-0.589250,-0.756512,0.791321,-1.834608,0.718822,0.437085,-1.498427,-0.339501,1.329343,1,63.800418
0.137735,-0.702216,-0.452335,0.382372,0.820335,0.923816,-0.754797,1.032850,-0.435423,-0.240239,-2.368575,-1.196134,-3.213144,-0.139429,-0.875651,-1.496185,1.329043,-0.559044,-0.077233,-0.091337,0.189667,0.530446,-0.367065,-0.935123,-0.719023,0,48.626052
-0.283163,0.985567,0.929791,-0.319259,-0.089694,-0.644930,0.582326,1.520595,-0.149325,0.821976,-0.828869,0.298566,1.178040,0.324730,-0.256753,1.319700,-0.676892,0.119228,0.660984,-0.528827,0.350748,-0.205671,-0.644834,-0.903674,-0.863360,0,45.405206
-0.222905,-1.183474,-2.081591,0.967463,-1.432401,0.769885,0.136393,-0.901563,0.984940,0.293532,0.015902,-1.475461,-0.376028,-0.613055,0.531802,0.600108,0.457246,-1.408828,0.224122,-0.417236,1.145340,0.183278,0.966578,1.186769,-0.263223,0,40.274144
-0.094990,-2.659506,-0.941686,-0.953031,1.622694,-0.347096,2.113130,1.156009,-0.492534,0.261564,-1.120948,0.083680,-0.063745,0.937404,-0.336148,-0.111975,-1.056771,1.673328,0.650006,1.191068,0.682667,-1.648701,0.784997,-0.788356,-0.793231,0,42.089590
-0.559750,-1.479761,1.772251,0.717094,-0.084553,0.271277,0.883302,0.574080,0.989276,1.732907,0.806758,0.340674,2.218766,0.464114,0.497377,0.019437,0.968844,0.410535,-0.197481,-0.364145,1.182762,-0.636785,-0.261379,-0.014249,0.548196,0,40.239533
-0.319187,-1.153303,-2.184549,-0.866755,-0.109093,0.430237,-1.054860,-1.439990,1.109894,-0.349009,0.063157,0.424574,0.126967,0.169314,-0.474258,-0.415530,-0.152625,-0.076020,-0.879504,0.763653,-1.452395,-0.487769,1.651649,0.500793,0.297241,0,49.442914
-0.909781,1.274439,-0.214495,0.166260,0.990334,-0.371282,1.666764,-0.053322,-1.058490,-0.614113,-1.099075,-1.166882,-0.976851,-2.446526,-1.167721,-1.389330,-1.064481,1.106035,-0.606820,0.042282,-1.456355,-0.896676,-0.589117,-1.078811,0.255627,0,53.043059
0.824296,-1.928701,0.931961,-0.747223,-0.291164,1.715268,-0.154762,-0.246880,0.485688,0.205953,2.057165,0.951342,-1.068780,-0.468151,-1.358043,2.392421,-0.123649,0.314823,0.443236,0.110932,0.273816,-0.119545,0.099431,-0.564170,0.196132,1,62.795402
-1.153395,-1.288775,-0.687309,-0.126974,-0.371233,0.873471,0.435798,1.127744,-1.743323,0.626728,-0.766431,-0.382462,0.853165,0.222319,0.318162,-0.468661,0.061134,1.559181,-0.382701,-2.058748,-0.974445,0.015238,-1.856143,0.042707,-0.223203,0,34.472800
-0.167709,-2.884967,-1.449695,-1.976174,0.912547,-0.161720,0.233061,-1.657125,-0.044993,-0.095831,0.838828,-0.214977,-0.810700,0.594016,-0.282626,-0.078785,-0.974485,1.197945,-0.884082,0.538540,-0.476385,-0.552159,-0.144100,-0.937251,0.701973,0,25.067714
-0.230025,0.236006,1.406840,-0.099350,0.306503,1.349658,-1.307184,0.663219,2.133130,1.243944,-0.568985,2.959367,0.379852,-0.092066,1.428339,0.729569,0.972318,-0.840696,-1.572071,0.213016,1.085985,-0.342533,0.097722,-0.864436,1.126351,1,59.114799
-0.259495,1.189328,-0.947991,0.713877,0.610196,0.875105,0.216003,-0.673995,0.723198,-0.221996,0.055120,0.673149,-0.194523,-0.004113,0.434419,-0.553776,1.013520,0.125681,0.675045,1.413782,-1.494699,-0.220926,3.047060,-0.436405,2.304046,1,53.400284
1.359221,-1.017384,-1.304350,0.588588,-1.000148,-0.273974,-1.474964,-0.019419,0.110748,1.322708,-1.053163,-0.744875,-2.156828,1.848918,0.763863,-1.229676,-0.884692,3.788579,0.214430,1.871401,-0.130533,1.244295,-0.588197,1.184152,-1.468156,1,60.976606
0.777732,0.878287,-0.969355,-2.193923,-0.777563,-0.609741,0.182860,-1.190704,1.334635,1.200161,-0.517622,-0.115915,2.371146,0.417426,1.128846,1.238268,-0.293453,0.177669,-0.702269,2.327022,-0.661088,0.227787,-0.980732,-1.792652,0.956724,0,59.520689
-0.889645,-0.872719,-0.573732,-1.712401,-1.393479,-0.740772,-0.579205,1.052152,0.124324,-0.695649,-0.412280,0.018147,-0.675216,0.385602,-0.199254,0.067695,-1.009287,0.554075,-0.015377,0.950914,-1.682884,-1.005265,0.513574,-1.509811,-0.630695,0,27.204978
-0.871511,1.253213,1.356474,1.326752,-0.645280,-1.107536,1.145892,-0.312637,1.809748,-1.703023,0.901317,-0.552504,-1.118735,1.415251,0.273780,0.568442,-0.318967,-0.489246,-1.848874,0.089786,-0.711853,-1.546705,-0.642267,-0.449081,-0.692944,0,40.138568
1.765360,0.402045,-1.763819,-0.272713,0.568311,-0.858057,0.244964,-1.747343,-0.495793,-1.195929,-0.991786,-0.674587,-0.828174,-0.390515,0.933614,0.034099,-1.350792,1.314009,-0.896445,0.626937,0.468572,1.172591,0.052840,-1.594521,-1.310933,1,71.239083
0.143890,-0.240720,-0.695734,0.339052,0.037450,-0.699460,0.749112,0.218511,-0.239080,0.024437,0.933366,-1.247327,-0.091323,-0.421337,-2.059845,-0.655148,1.898848,1.939894,0.899108,0.714807,1.059301,0.500570,-0.667475,-0.451626,-1.436002,0,49.369880
-0.483384,-0.791502,0.292379,0.405253,0.796824,-0.178640,-0.179317,-0.513013,-0.138064,-1.995073,0.486629,0.122649,-0.073512,0.647777,-0.524867,-0.283740,0.360026,1.291989,0.264839,-0.063601,0.257659,-1.397695,-0.198028,-0.253550,0.468633,1,49.042458
0.729595,1.306857,0.994151,0.130778,-0.562223,-0.348716,0.425886,-0.111986,0.633090,2.334902,-1.300761,0.515571,0.235763,-2.006359,0.215119,-1.315180,1.596346,-0.829551,-1.219091,0.051842,0.250423,-1.200268,-0.942904,-0.317052,1.867260,0,55.848933
-0.491247,-1.456733,-2.033777,-0.158509,-1.118552,0.813377,1.556423,0.407700,-0.247568,0.454158,0.297755,-0.037954,-0.295448,-0.067437,0.393355,0.865753,-1.013035,2.333776,0.096130,1.863760,-1.777395,0.291995,0.296709,-1.087875,-0.571940,1,30.553378
-0.908934,-0.444774,1.942108,1.022059,-0.590488,-0.205904,0.611536,-0.582902,0.104086,-0.184427,0.921637,0.294228,-1.113056,0.426332,-0.822949,-0.061544,1.120965,-1.162732,1.068952,2.075303,0.222670,1.223377,1.218033,1.156522,0.929233,1,42.018083
0.208895,-0.114179,0.570801,-0.800660,0.792889,0.321423,0.483470,-0.645079,-1.355659,-0.010922,0.069745,-0.257828,0.686682,-0.350741,-0.024344,-0.114137,-0.765698,2.038722,0.169370,-0.806023,1.117071,-0.603298,1.615119,1.074054,-1.308835,1,49.007246
0.788184,0.754154,0.045618,-0.120148,-0.163080,-0.813618,-0.162399,1.911662,0.585674,-1.834612,3.188260,0.990424,0.446993,-0.968797,-0.174912,-0.985947,-1.389168,-1.089918,-0.695698,1.003196,0.127776,-0.762430,-2.517040,-0.361437,-0.765470,0,57.665289
0.086789,-0.215659,1.478812,1.433396,-0.148823,1.036887,-0.117673,-0.224663,1.476218,-1.573903,-0.891824,0.100558,1.784608,-0.732698,-1.744403,1.400670,-0.715692,-0.257123,-1.365942,-0.176536,-1.601197,0.550453,-1.112363,-0.296753,-2.248831,0,52.975200
0.436531,1.235636,-0.819278,1.744141,0.796945,-0.689805,1.195536,1.863669,0.774640,0.126406,-1.076257,0.470489,-3.081421,0.741169,-2.395383,-0.176570,0.077978,-2.973475,-0.417383,-0.365163,-0.745812,-0.557009,1.515683,-0.381693,-0.212362,1,65.199835
0.506808,1.080690,0.221380,2.352495,0.753795,0.588050,-0.298905,-1.971301,0.428770,0.778813,-0.750059,1.048959,1.396360,0.637030,-0.955605,1.422774,0.985517,-0.255406,-0.262291,0.357629,-1.829006,0.060671,2.305920,1.568499,1.140030,1,68.028485
-1.112881,0.319895,0.324814,-1.143105,0.357498,-0.588528,0.078236,-0.816455,0.429225,-1.541007,-0.342920,-0.012254,0.954340,-0.305566,-1.625474,-0.850220,-1.336063,-0.810821,-0.423188,-0.432511,1.931409,-0.246837,-0.111945,0.665323,-1.127505,1,36.811017
-0.869100,-0.971888,-0.158081,-1.478800,0.098445,-0.303916,-0.593598,1.637230,0.419011,-0.143449,1.144892,0.597790,-1.532153,0.123397,-0.830184,1.106342,0.595825,1.061061,1.463187,0.378153,1.610554,-0.391639,-0.963482,-0.793366,0.291405,0,34.983857
0.127577,0.541227,-0.102039,1.410179,-0.088232,-1.759303,-0.431701,-1.034709,0.439639,0.137955,0.519395,0.223765,-1.110091,0.873575,0.500541,1.155982,0.956744,-1.745068,0.746746,0.092697,-1.139426,-0.135840,-1.720657,-0.012326,1.889029,0,45.702983
-0.121266,2.000359,-0.017688,-0.732639,-1.172678,0.036610,-1.348678,0.532717,1.522226,0.306142,0.067511,-0.377783,-0.730793,0.616268,-0.459909,-0.081589,-0.268160,0.255457,-0.183856,1.148628,0.233600,-0.920214,-0.510303,0.914167,0.333668,0,50.773584
-1.919507,-0.781984,-1.695947,2.148058,1.049007,1.711901,-1.601178,1.166269,0.713104,0.399238,-0.178446,-1.188164,-1.133002,-0.986827,0.392869,1.256457,-0.388977,-1.270099,0.921226,2.150359,2.004750,0.269006,-0.860860,-1.070014,0.827561,1,22.138748
-0.037267,-1.611336,1.178706,1.651978,2.041653,0.406055,-1.412702,-1.120474,-0.141456,-0.682133,0.211147,-0.999292,0.986942,-0.970788,-0.984489,0.333438,0.034229,0.671076,-1.094473,-1.457180,-0.559415,-1.664127,-0.561179,0.542951,2.045261,0,55.074324
0.522178,0.125792,-1.234997,-0.590857,1.690663,0.311999,0.081850,-0.518253,0.758322,0.872023,1.199254,0.704314,-2.585304,0.568655,-0.122224,0.142900,-0.501656,-0.466113,0.285530,1.352957,-1.721897,0.879200,-0.353935,0.308649,-0.199512,0,60.686120
1.068014,-0.286903,-0.151650,-0.548143,0.090449,0.400437,0.651449,-0.876471,-0.236551,-0.396400,0.344187,-0.273080,0.090432,-1.264559,0.433200,-0.602299,0.971601,1.129532,-1.141356,0.957504,-0.916162,-1.047500,1.275231,-0.281926,0.452213,0,54.822547
1.611185,-0.176950,0.264501,-0.405052,-0.773969,3.359265,0.040633,0.673703,0.713580,1.190646,-0.734706,-0.019540,-0.675876,0.053811,0.893861,-1.381529,2.092667,1.563862,0.039764,0.294781,1.000208,-0.136355,-0.214805,0.811034,0.535419,0,68.512163
0.921728,0.184069,0.833221,-0.582568,1.155975,0.210101,-0.901716,-0.053687,0.356216,0.339666,-0.813117,0.042824,-1.690023,-1.114245,0.799379,2.105753,0.534414,-0.096979,-0.408471,0.038334,-2.258333,-0.403314,0.584731,-1.363486,-0.121862,0,64.035072
1.765637,0.851437,-0.090631,-0.556140,-2.758606,0.004719,1.105944,2.313360,0.553664,-0.474938,-1.620084,0.047687,-1.105472,1.506329,-0.533825,-0.293496,0.664620,0.412415,0.265485,-0.369856,0.013143,-0.441627,-0.229452,0.643848,0.152847,0,63.298667
1.180915,-0.070720,-0.029610,-0.299320,-0.607326,-1.443185,2.030196,-0.126430,-1.597196,-0.285070,0.791345,1.465110,-0.405089,-1.356412,-0.638763,1.529123,-1.716084,-0.191133,0.025838,-1.012580,0.248750,-2.345395,1.058420,-1.830077,0.969164,1,66.921093
0.318404,0.570923,0.346041,-0.529839,-0.554086,-0.384447,-0.078993,-0.462692,-1.572053,-0.525833,1.326798,-0.314599,-0.228848,1.317076,-1.129682,2.093649,2.052119,-1.040737,0.790545,0.550500,0.709368,0.459891,0.909809,-1.172598,0.497444,1,68.300278
-0.722386,2.010996,-1.028104,-0.196840,0.904144,1.083633,-0.052733,-0.581952,0.481814,0.247394,-1.597727,-2.179351,-0.515436,0.294863,-0.110210,-0.728642,-0.621976,1.079733,-0.636045,1.347858,-0.865013,-0.019348,-0.230352,-0.660560,0.007183,1,64.258027
-1.033798,-0.672429,-0.563146,1.491257,-1.347465,-0.234757,0.230557,2.013598,0.172426,0.042814,0.896192,-0.371312,0.602060,-0.349885,0.294719,0.602201,2.070080,0.891516,0.983366,-0.016726,1.201924,-1.238472,-0.482551,-1.727132,0.205244,1,25.910829
1.657077,2.780055,-0.565494,-0.906538,2.753167,0.748163,-0.390693,-1.533508,0.594220,-0.288275,0.888298,2.355221,1.129497,-0.656982,0.362828,-0.871153,-1.016488,-0.132097,1.385601,-0.570413,-1.237367,-1.552567,-0.286466,0.978520,-0.373881,0,88.223075
-0.043176,-0.621579,0.813674,0.341078,-0.157312,-0.754913,0.060303,0.424194,0.836967,-0.928118,-0.400905,0.644776,1.289222,-0.254063,0.356065,-1.367338,-2.929394,0.326049,1.281858,1.434406,-0.013423,-1.140090,-0.179665,-0.437830,1.541818,0,34.147035
0.800308,-0.482114,1.635401,0.456607,0.720493,0.712580,-1.203003,-0.299230,3.103424,2.070537,1.803279,0.370926,-1.284009,-0.527085,-3.670037,0.013145,-0.864762,1.903231,-0.040631,0.068939,-1.442502,1.222860,-0.281394,-0.182439,0.120654,0,52.645043
-0.282037,0.159597,-1.154048,1.791004,0.786277,0.965202,0.854924,-1.279404,-1.504523,0.167814,-0.015616,-0.709737,-0.079168,0.441289,0.880098,0.441494,-1.608039,0.213620,0.426677,0.361809,-0.309497,-0.562280,1.617915,1.001036,-0.054682,1,53.849611
0.023791,0.603968,1.103899,-0.330455,0.626251,0.528010,-0.128883,-0.428683,1.288059,-1.485763,0.964139,-0.275434,1.719557,-0.030461,-0.401668,-0.500388,0.333530,-0.853629,0.089534,-1.261218,0.085400,0.200498,-0.983993,1.130520,-0.817742,0,51.067670
0.257659,-0.965730,-0.214190,-0.470644,-0.326793,0.738590,-0.718569,-1.443962,0.708631,0.300607,0.196549,-0.741318,0.287710,-0.307248,0.796862,0.366477,0.937701,1.066214,1.265777,-1.334035,-0.383938,1.820677,-0.229931,1.903063,-1.411445,0,57.705097
1.405162,-0.517906,1.825093,0.164136,-0.901918,-1.179845,-0.051726,0.483723,0.661865,0.475463,-0.032923,0.225184,-0.322828,0.366170,-0.185720,1.053160,0.086702,-1.998265,-0.741992,1.994088,1.010208,-1.280377,0.648396,-0.060208,0.455653,0,52.541300
0.397073,-0.285336,-0.726365,-1.489966,-0.210700,-0.563769,-1.743357,1.438422,1.156186,-0.301776,-1.785577,0.857694,0.239990,0.454334,0.160579,0.264272,-1.356189,0.197790,-0.850182,-1.381555,-0.582385,-1.094937,-0.383749,-0.333635,-0.822459,0,50.918657
0.254590,-1.981652,1.180504,0.081866,-0.527924,1.492677,0.238425,1.526568,-0.314915,-0.134817,2.078061,2.143688,-0.999532,-0.133028,1.791748,-1.280722,-0.398616,0.159362,0.241521,0.532608,0.100096,0.013487,-1.894134,-0.016999,-0.745046,1,53.892038
-0.640412,-1.065120,0.542524,-1.048309,1.746482,-2.529944,0.091260,-1.110185,1.139765,-0.673082,-0.515612,0.898148,-0.351720,0.542785,-1.359419,-1.876540,0.170634,0.095491,1.403311,-1.190234,-1.131826,0.332606,-2.850541,0.151024,0.106629,0,42.127480
-0.136815,0.400935,0.471701,0.749500,-1.289797,-1.430494,0.476590,1.574158,-2.049033,0.166266,1.391405,0.808299,0.238771,0.227910,0.084016,1.118921,-1.189855,-0.025460,-0.423560,-0.919004,-2.099854,0.018299,2.279505,-1.219098,-0.634412,1,53.451550
1.781953,0.690823,0.318456,0.305253,-1.685999,0.189736,-0.524346,-0.330737,1.244177,0.050104,0.336430,-0.500438,0.707876,2.003670,0.929463,-2.211636,-0.705904,-1.526932,-0.309770,1.436789,1.446666,1.045476,-0.293924,-1.158295,0.052526,1,71.107081
1.981701,-0.283032,-0.520807,0.636690,-0.912745,2.444929,-1.342028,1.141656,-2.107196,0.354068,2.285497,-0.367272,-1.754260,-0.378538,-1.893097,2.651665,-1.089263,1.097651,0.589256,2.320153,0.606906,-0.061459,0.366566,0.564504,2.557979,0,69.843080
-0.022143,-0.029232,-1.995565,-1.977665,0.288697,-0.699801,0.352156,0.080353,0.868184,-0.866355,-0.466753,-1.246318,2.155755,0.363434,0.948527,0.019095,-0.383691,-0.059005,1.298628,0.599412,0.499590,0.284885,1.259075,0.794472,1.243986,0,60.636362
-1.110657,-0.643631,1.253498,-2.627451,-1.032677,1.275289,0.466843,1.100660,-1.631059,1.140452,1.399034,1.614400,0.172918,-0.431583,1.089102,0.525253,0.011746,0.407241,1.324524,-1.007497,0.363678,-0.326344,0.083122,1.105575,0.028720,0,33.307300
-0.226197,1.556662,-1.337070,0.539187,-1.047669,0.203048,-0.347335,0.516289,-0.343435,-2.234035,-1.109247,-1.039504,-0.670973,-1.772130,0.272432,-0.704326,-0.066395,-1.312807,1.467522,-0.760068,-0.139530,-0.136668,-0.159184,1.302556,0.620909,0,46.804521
0.942009,-1.778848,-0.296486,-1.603794,1.028462,0.418316,0.937420,-0.834936,-0.355891,0.186890,-0.913515,-0.198797,-1.314301,-2.023364,0.677559,0.292554,-0.625905,-0.970319,-1.012638,-1.364644,-0.822177,-0.247743,-0.446891,0.119258,0.002343,0,56.360803
0.122079,1.188251,-0.420392,0.805258,-2.428081,2.407372,-1.842922,-1.974376,-0.253614,-1.737354,0.398456,0.347115,-1.194037,0.650683,0.552526,-0.393119,0.388082,0.473237,0.273700,-0.149757,1.079749,-0.165815,-1.123591,-0.728105,0.255478,1,57.927489
-2.222810,-0.115105,-0.772323,0.623356,-0.364684,-0.747755,1.125733,-0.504981,0.943369,-0.085015,1.153868,-1.254554,-1.539709,2.690282,0.010582,0.505504,0.031943,1.143016,0.534188,-1.242838,1.286649,-0.280394,-0.311916,0.226720,-0.738571,0,22.899786
-0.418138,0.481916,1.181755,0.263565,0.151647,-0.295588,-0.398367,-0.914140,-0.526508,-0.151621,-1.859696,-0.496202,0.039258,-0.885715,-0.704354,-0.912976,1.592469,-1.101346,1.133096,2.969068,1.578974,-1.246902,-0.266672,0.691916,0.044256,1,48.933043
-0.532239,1.799740,-2.031414,-0.090916,-1.736203,-1.308476,-0.852779,0.581562,-0.240259,-0.446614,-1.430276,0.510876,0.731316,0.174274,1.567098,-0.359570,0.611670,0.992799,0.023379,-0.193405,0.758317,-0.134128,0.404563,-0.375261,-0.615539,0,46.305509
0.983325,0.559410,-0.847757,0.025909,-1.301709,-0.222619,-0.910675,0.371227,0.020473,0.305465,-0.469193,-1.307316,2.393654,-0.793380,0.918766,1.074766,-0.321489,-1.560456,1.904315,-0.873346,-0.220433,0.011395,0.689298,0.377842,-1.266808,0,60.621096
-1.554199,-2.359673,0.087506,-0.802962,-0.264515,-0.807229,0.421295,-0.171575,0.032899,-0.487079,-0.106172,0.888611,-0.414369,-0.239050,1.005655,0.716822,-0.648658,0.851681,-0.006845,0.304122,-1.354450,0.688645,0.096329,-0.793447,-0.037519,0,26.294941
0.691505,-1.816882,1.230985,-0.295159,2.213668,-0.039308,-0.165687,1.495161,0.710423,0.587477,0.967590,-0.699461,-0.284342,0.531554,-1.529868,-0.364579,1.021550,-0.642904,0.417838,-0.210441,0.892314,-0.883796,-0.843461,-0.419848,0.172775,1,54.511952
0.992200,0.034234,-0.965109,1.513271,0.727338,0.935315,0.160814,0.131098,-0.248392,0.344877,-1.193633,-1.098195,-0.101544,-0.193236,1.031705,0.107025,-1.115794,1.420267,-0.979137,0.991136,-0.079793,-0.469763,0.581648,-1.341640,-0.055571,0,70.863659
1.124803,-0.962975,0.132283,-0.379138,2.795202,-0.208111,1.667755,0.567157,0.163986,-0.220979,-1.856710,0.775216,1.126764,-1.001536,-0.544249,0.121388,0.269010,0.528000,-1.491100,0.341315,0.895938,-0.543482,1.170564,0.728611,0.236510,1,70.982161
0.516604,-0.267186,-0.101716,-0.465553,-2.752101,-0.022546,-0.656024,-0.042407,-0.802328,-0.105332,1.031305,-1.764850,0.849583,0.106936,0.705394,1.298285,0.556030,0.241787,0.726736,-0.907719,-0.506548,0.166910,-0.134120,1.894661,2.976119,0,48.925223
0.660284,0.619915,-1.593258,1.325292,-0.667226,0.372235,1.177118,-0.342368,-0.092426,0.752724,0.482434,0.048577,-0.005933,0.405449,-0.489898,-0.312442,-0.931948,-0.207004,-1.278440,0.630518,-0.681475,-0.320985,1.142625,-0.418832,-1.047709,0,56.742592
-0.705692,0.177151,1.214689,0.309010,-0.094436,1.105841,-1.455238,-0.554711,0.460447,1.131089,0.932981,-1.561608,-0.903567,0.277993,-0.266489,-0.398591,-0.795080,0.358743,1.131516,0.227600,0.930274,-0.176956,0.500064,1.638764,0.291556,1,46.002533
0.764010,-1.036909,-1.787324,-1.692880,-1.189360,0.156404,-0.624125,-0.721507,0.846800,0.050000,-0.792864,0.786031,-1.694447,-1.486989,-0.978232,-0.490236,-0.818677,-0.508103,-1.051962,-1.069609,-0.503583,0.214138,-0.297347,0.282204,0.137163,0,54.356295
0.686404,0.609027,-1.220201,0.658810,0.290356,-1.262410,-0.287407,1.024521,-0.340223,-0.867963,-0.058928,-0.351559,-0.493306,-0.486360,-0.360315,0.619755,0.023708,2.185124,2.862692,-0.618302,-1.237802,0.612830,0.599781,-0.359432,-0.267032,0,61.528763
-0.679262,-0.615403,-0.068552,-0.690855,0.767916,0.087008,-0.743322,-0.422691,-2.004492,2.641919,0.620891,0.149264,-0.110605,-1.140432,0.387218,-0.388059,0.013347,-0.158341,0.574104,-0.510252,1.155394,0.680913,-1.055163,0.599771,-0.131401,0,40.888405
-0.288967,1.586899,2.306123,-0.672765,0.330982,-1.303173,-1.467866,0.497690,0.907837,-0.674969,-1.441669,0.324095,-1.217882,-0.127906,-1.154276,1.017492,-0.507488,-0.857681,0.388746,0.073245,-0.016225,0.910186,-0.474815,0.491866,-1.663427,1,66.859385
0.997023,-0.810866,1.442203,-0.048327,0.452174,-0.481700,-0.608480,2.224140,1.109089,-1.003202,0.480747,0.160397,-0.155707,2.014116,0.656717,1.062411,-2.261209,-1.482892,-1.715884,0.063657,0.679139,-0.783300,0.637188,-0.730693,-1.478993,1,63.051869
-0.690857,0.353462,0.929358,-0.117990,0.090622,0.592272,-1.642412,0.453133,-1.107284,-2.952024,1.141733,-0.069493,1.534071,-0.348932,0.260031,0.371966,-0.551910,0.518421,-1.404981,-0.507702,-0.568702,-1.272305,-0.386626,-0.383055,-0.586553,0,40.740586
0.880073,-0.666306,1.970108,-1.704184,0.044297,-0.673744,-0.202927,1.494846,1.003297,-0.584007,-1.531917,0.289375,0.664301,0.407645,-0.377292,-2.984087,0.592420,-0.187341,-0.234674,0.495610,1.243327,-1.083600,1.604349,1.298490,-0.263922,0,49.023461
1.243435,0.857075,-0.845914,-0.424106,0.220747,-0.752906,-1.069576,-1.030340,0.236144,-0.559416,0.911832,-0.320038,-0.181714,0.119243,-0.581596,0.666909,-1.249769,2.147702,0.486563,-0.154512,0.339139,1.315220,-1.082044,-0.073895,-1.050638,0,66.086763
-0.617244,0.494067,-0.422927,0.853050,-1.242975,-1.249806,0.354644,-0.471881,-0.359773,0.055504,0.057703,-1.339752,-0.490879,0.846904,0.186292,1.140904,-1.765097,-0.694017,0.011258,-0.329731,0.772010,-0.541953,-1.232780,0.351123,0.237856,1,31.164631
1.454821,-0.019403,1.263384,0.241685,1.615965,-1.177332,-0.687248,-3.049565,1.904342,-1.210400,-0.261199,-1.031059,0.462596,-0.266413,0.930041,1.332481,1.666272,-0.860243,0.888116,-1.238190,0.172265,-0.689679,0.591741,0.233474,2.447921,0,64.344969
-1.156895,0.973088,0.213440,-0.305505,-0.533970,-0.936134,-0.248424,1.775102,-0.660834,0.465353,1.871255,-0.428342,-1.495643,-1.140286,-0.776757,1.081833,0.391540,0.624855,0.377602,0.547259,-2.787902,1.826277,2.066477,-0.613150,0.246344,0,40.740545
0.299512,-0.530032,-0.293125,-0.543343,0.769352,-0.566827,-0.997420,-0.848957,-0.206366,1.559692,-0.399083,0.694538,-0.562452,-0.185288,-1.442928,-0.252627,-1.223376,-0.374939,0.287560,-0.121265,-1.264935,0.187228,-0.126628,-1.470687,-0.969579,1,55.497433
0.209737,0.272207,0.789496,-2.098858,-0.185970,0.920847,0.545507,0.834646,0.180326,0.764694,-2.066952,1.003334,0.167548,0.447925,0.377878,0.574926,-2.316855,-0.827538,0.627562,0.388898,-0.391466,-1.329372,0.528704,1.389999,1.966479,0,51.964180
0.967244,0.965617,0.776206,-0.440257,1.629595,-1.098632,-0.951227,-0.046465,-1.463522,0.876721,-0.394626,1.720629,0.065132,-0.457675,0.253734,-0.446163,-1.006335,-1.002953,-0.865857,-1.363197,-0.710367,-0.385410,-0.790613,0.631351,0.497381,1,78.471375
1.270662,2.647152,0.242531,0.549516,1.301870,-0.826703,0.477385,-0.425559,-1.260569,0.514517,1.644024,-1.314885,0.464891,0.950822,1.349234,0.656892,0.875095,-0.508756,-0.890849,-1.274135,1.499346,0.594062,-0.101974,-0.676693,-0.545979,0,80.767055
-0.464333,1.835709,2.662199,-0.648309,-1.601971,1.957272,0.854277,0.861178,1.441147,-0.179302,0.425157,0.494597,-1.628611,-2.508552,0.117869,-1.359706,0.631635,1.971865,0.483448,-0.303544,-0.787415,0.820293,0.989725,-1.263389,-1.468102,0,61.739753
-0.280264,-0.894309,0.675408,0.223210,0.004592,-0.856511,0.585076,1.206633,0.563156,-0.445397,0.239423,-0.875183,2.779897,1.758664,1.293564,-0.727917,0.374659,0.076315,0.201913,0.118112,-0.241623,1.749273,0.002537,0.737115,1.297731,0,48.475585
0.866597,0.620574,-0.353661,-0.078239,-0.664394,0.026295,1.068945,-0.360616,-2.045107,0.576796,-0.115576,0.128699,-1.574128,-0.004386,-0.897394,-0.698164,0.200312,1.096643,-0.720162,0.689362,1.337690,-0.281699,0.144076,0.593548,-1.735063,0,56.639041
-1.580719,-0.093352,-0.202264,-0.937049,-1.392660,0.524195,1.642139,-0.497325,-1.510874,-0.049117,0.601981,-0.651136,0.657791,0.837028,1.486895,-0.492870,-0.001195,0.411406,-2.124830,-1.299711,0.523085,0.783605,2.088622,-1.256975,0.011541,1,29.688521
1.994059,0.094872,0.051852,0.554756,-0.726235,-1.908555,-0.547986,-1.112281,-1.959263,-1.185881,-1.009789,0.425295,-0.212446,-0.516216,0.711329,2.258069,-1.001110,1.108870,-0.705103,-0.952543,0.275651,0.561295,2.249030,0.393122,0.531148,0,70.850329
-0.600008,-0.222485,-0.045572,1.353676,-0.921177,-1.538294,-0.159772,-1.360261,0.413294,1.043080,-0.097218,-0.446762,-0.915530,1.316183,1.660714,-1.453313,-0.749705,0.744630,1.320020,-1.194552,1.404834,-0.660734,-0.451451,0.579195,2.046176,1,43.825514
0.758953,-0.776603,0.442324,0.272027,-1.102408,-0.766650,-1.616758,-0.204684,-0.498794,-0.855206,-0.470538,2.009431,1.390516,-0.292960,-0.486729,-1.655139,1.848367,-0.329630,-0.363163,-0.587511,-1.625060,-0.589929,-0.093328,-2.028269,-0.739796,1,55.980422
-1.496754,0.835324,-0.967293,-1.045874,0.861083,-0.265704,-0.031106,0.539245,0.024715,-0.542064,0.484236,0.945478,0.040956,0.403944,1.253155,-0.106694,-0.395588,-1.501315,-0.599521,0.203135,0.404835,0.374288,-0.261816,-0.735139,0.674512,1,42.153865
-0.465612,-1.044786,-0.005350,-0.361174,1.243221,-1.268238,-0.040992,0.686313,-1.365465,1.288807,2.224622,0.315374,0.995567,0.901551,-0.108678,0.488180,-0.929708,0.257637,0.176328,0.662581,-0.081846,1.677190,-0.442974,-1.125985,-1.217894,0,44.508681
1.420598,0.785763,-0.119867,1.157695,0.784130,-0.316183,1.463034,1.424493,0.542632,-0.309860,1.590661,-0.812035,-0.616559,-0.196455,0.330388,0.958902,-0.586512,0.588771,1.340759,-0.199451,0.612959,-1.253514,0.160425,-0.747820,0.865184,1,80.597335
0.708371,-1.110099,0.775019,2.548130,0.710453,-1.079665,0.525420,0.076396,0.200157,0.701300,-0.750584,-0.521808,-0.377280,-0.036865,0.116694,0.269319,0.797441,-1.078673,-1.878479,1.636589,0.416658,-0.529500,0.550877,0.532569,-0.131095,1,57.468052
1.034761,-1.005468,0.112007,0.254988,-0.319076,0.203745,-0.411853,2.106081,-1.543800,-1.016721,1.094529,1.683472,-0.173819,-0.950958,0.007229,-0.314025,0.645678,0.968672,-0.802403,0.062505,1.017235,0.245400,-0.487026,-1.599139,-1.376455,0,58.017097
1.981938,-0.199320,-0.107422,-0.364349,-2.333379,0.812160,-0.121664,-0.168724,0.251656,0.603283,0.397905,0.518164,-0.215186,-0.663900,-0.223490,-1.111844,-0.622836,-0.169110,-0.834675,0.251245,-0.941017,-3.561528,-0.159524,-0.213300,-0.507215,1,77.768935
-0.799377,0.629354,-0.380246,1.240316,-1.842211,-0.496166,0.905082,2.645092,0.688823,-1.818807,0.264488,-0.285470,-1.317684,-0.843137,0.614564,-1.977520,-0.268713,0.978683,0.428299,-1.389090,-0.312163,-0.586006,-1.469876,-1.057029,0.163711,1,48.273866
-0.061490,0.125517,-1.089507,-0.706640,0.907725,-0.219027,0.076522,-0.605704,-0.182119,-0.593030,0.169673,1.867269,-1.161618,0.046559,0.408925,0.016853,-1.249222,-0.451518,0.477899,-0.155987,-0.893697,-0.474940,0.939410,-1.037138,-0.467359,1,50.008293
-1.102523,-0.515429,-1.082258,-0.290632,0.261938,-1.005599,0.506916,1.378750,-0.025459,-0.345482,-1.032261,-1.124173,0.187051,-0.324387,1.733522,0.726184,-0.983797,-1.206049,-0.255085,1.438421,-1.359110,0.261072,-0.898218,0.355486,0.234104,1,35.050792
0.853898,2.011791,0.672847,0.072429,-1.728877,-0.248154,0.152953,-0.060247,-0.581281,-0.670976,-0.059026,0.508732,-0.507928,-0.694597,-0.408363,0.093855,1.506713,-1.130538,0.376361,-0.156824,1.088030,1.479881,-0.742714,-0.880490,0.518694,1,70.889669
-0.025381,1.288636,0.636675,-1.001880,0.147985,0.054558,-0.073334,-0.344169,0.125899,2.351528,-1.489277,-0.906638,-1.988630,0.672473,-0.710070,-0.836926,0.594838,0.429470,0.421487,0.026351,0.474962,-0.526680,1.265766,1.166537,0.440828,0,52.071697
-1.300059,-0.488852,1.688222,-0.115940,0.047879,-0.242343,-0.071928,-0.532480,0.950616,-0.017747,-0.017163,-0.002245,-0.554423,0.449937,-0.332265,1.676800,0.347438,0.003739,-0.567310,-0.621996,1.828890,0.351488,1.460227,-0.880923,1.428931,0,27.076500
-0.280506,-0.440976,0.073827,0.608248,-0.105277,1.119656,-0.025825,-0.631205,0.632639,-1.590123,-1.324130,-1.456761,0.591520,0.273488,1.432296,-0.371159,0.036705,0.478536,-0.159528,0.670401,0.860140,1.334182,-1.178770,2.495689,1.418503,0,53.703283
0.158901,0.954353,0.622439,1.115934,-0.442942,-0.145021,2.735646,0.454021,-0.764568,0.249302,-0.872908,-0.690216,-0.688231,0.846754,-1.002647,-1.763791,-0.695077,-0.617578,-0.600881,-1.106145,0.205599,0.236642,-0.803198,1.242137,2.697396,1,54.310930
0.765132,0.441178,-1.083063,-0.516185,-0.453240,-0.575982,1.182831,1.704880,1.485739,0.274939,0.152022,-0.881203,-0.021052,0.132212,-0.162393,-0.823871,0.157677,0.940461,1.784813,-0.423057,0.356076,0.843571,0.291467,1.133024,1.290308,1,67.551694
-0.336862,1.032020,-1.181970,-0.370437,0.595887,-0.421212,1.275991,-0.391534,0.600263,-0.399381,-1.529906,0.997991,0.009797,1.135046,0.609118,0.261209,1.292673,1.959324,-0.863116,-1.986682,-0.062216,-0.599924,-0.257731,0.361173,0.544884,0,52.391189
-0.055036,-0.016378,-2.183513,0.950623,0.647363,0.567543,-0.392511,0.118347,-0.546534,0.899983,1.036511,-0.301746,-0.241903,0.877534,0.577539,-0.355809,-0.569768,-0.446078,1.459745,-0.405765,-1.456824,-1.526497,-0.757500,-0.268574,0.961921,1,52.932437
0.003220,1.696914,-0.608231,-0.174102,-1.303397,-2.735801,0.220171,-1.125342,0.583895,1.422471,0.073384,2.765090,-0.060780,-0.667569,-0.548663,-0.249094,-0.320976,-0.891876,0.813800,2.511026,0.491497,-0.292508,0.582965,0.490805,1.927412,0,51.416151
-0.142116,-1.518599,0.502109,0.040810,-0.468958,-0.504568,0.741446,-0.207874,-0.700060,-1.382922,0.523475,-2.676919,0.576360,0.601459,0.077052,0.093776,2.446500,1.634295,-1.050876,2.102096,1.163612,0.466905,0.111205,0.625724,0.108797,0,43.241008
-1.151596,0.046707,0.731998,-1.844280,-0.320302,-1.040991,1.301984,-0.825921,0.533899,-0.860033,-1.849481,0.761601,0.737089,0.213896,-0.396065,0.213121,1.777416,1.391250,-0.605248,0.750347,-0.183648,-0.831147,0.512370,0.222516,0.175690,1,36.423271
-0.827736,1.858605,0.112499,-0.510705,0.556143,2.087570,1.480451,0.064462,-1.128611,0.546352,-0.454570,-1.785112,-0.857355,-1.458839,0.629742,0.274691,-0.673789,0.043409,0.491012,0.074894,-1.259409,-0.716959,-0.710929,0.923801,-0.170110,1,58.329541
-1.028983,2.820417,0.125130,-1.272525,0.388164,-0.707245,1.187150,-0.885158,-1.012736,-0.763216,-0.048904,-0.235408,-1.019602,2.145917,-0.030775,0.181641,0.595973,1.161044,1.316333,1.433019,1.466558,1.918575,-0.833117,0.917248,0.216569,1,56.597596
-0.719350,0.540196,-0.955616,-0.081749,-0.548502,0.785126,0.338826,0.426162,2.163633,0.313631,-0.805553,0.786487,-1.873852,-0.855292,0.729032,-0.267153,-2.206787,1.298815,1.107289,0.728929,-0.722473,0.534655,-0.519018,-0.098381,-0.742134,0,43.387134
0.473398,-0.857037,1.085089,0.260969,-0.696364,-1.994267,0.969451,0.089003,0.207467,-0.601108,-0.039180,-0.272748,-2.461034,-2.829436,0.555244,-0.004475,0.298704,-0.633807,-0.063310,1.136926,0.783983,-1.880306,-0.667663,0.282138,-1.199749,0,41.468448
-0.252711,-1.511606,-1.753130,0.552071,-1.399859,-0.006088,-0.552962,-0.033521,0.840316,-0.841901,-0.234731,0.556069,-0.261029,0.685197,-1.216541,1.023724,0.488294,-1.534855,-1.006852,-0.348874,-0.771283,-0.825789,0.505660,0.803665,-0.565357,1,37.841787
-0.390498,0.214005,1.481799,0.533835,1.031745,0.984034,-2.235245,0.279189,1.181510,-1.673520,-0.027715,-0.264475,-0.036876,0.246851,-0.313098,-0.041553,0.477868,-0.175614,2.758345,0.458271,-0.887324,-0.931655,-2.157429,-2.325769,1.417242,1,57.233453
-1.925483,-0.394705,0.219708,0.089574,0.288849,-0.577273,-1.165971,-0.709105,-0.619213,0.972689,-0.996995,0.412390,0.818037,0.833375,-1.162603,0.162426,-1.216279,-0.780065,0.677477,0.760950,0.428736,-0.133341,-1.289550,0.841644,-0.667960,0,33.115133
-0.334437,0.900833,0.407140,-0.425122,1.638056,0.288700,0.175473,1.506240,0.479898,0.763509,-0.412820,-0.414820,-0.003713,0.350060,1.994085,-0.281408,0.632266,0.947953,-0.426058,1.918612,-0.199337,-0.775936,1.884668,0.017762,0.887619,0,51.992594
-0.302580,-1.108540,0.445790,2.125601,-1.296636,-2.009090,-2.279443,-0.124838,-0.221661,-0.820564,-0.506905,-1.032636,1.590825,-0.619483,-0.289848,-0.243045,0.726516,-0.429603,-1.750237,0.334735,1.261974,0.263917,0.330189,-0.569120,-0.264208,0,38.538393
-0.566490,-0.721075,1.795633,0.488297,1.225053,0.780732,-0.713734,1.092806,-0.066216,0.821865,1.461588,-1.275649,-1.727376,0.202527,0.707044,0.388303,0.907606,-0.890909,1.645490,-1.453340,-0.598504,-0.219868,1.512175,-1.276172,-0.710766,1,53.417230
0.798036,-0.977192,-0.433855,-0.874110,-0.436321,0.415136,-0.308324,0.572176,0.494743,1.274864,-1.107499,0.731535,-1.012820,-0.544107,0.784909,-0.725442,-0.510706,-2.039345,0.127426,0.157054,0.952212,-0.087043,-0.528764,1.181608,-0.388259,1,55.055786
-0.262841,0.924545,-0.188595,-0.549004,-0.790844,0.417314,-0.854125,-1.780066,0.037934,0.342513,0.712907,-1.559093,-0.276064,0.575340,-0.657825,-0.800060,-0.870835,-0.122873,0.338677,-0.916094,1.013395,0.124623,1.677057,0.441689,-1.484021,0,47.711796
-0.538128,0.269907,-0.577124,1.381882,-0.206031,1.043991,1.646523,-1.989364,0.499886,0.009194,-0.245753,0.077871,1.173927,-1.467335,0.331136,-1.077004,-2.394104,0.231651,0.418733,-0.609818,0.843713,-0.019967,1.602877,-2.063914,0.818465,1,42.003669
1.062724,-1.606208,1.924232,1.348972,-0.587823,-0.518624,0.061314,0.458970,-2.060202,-0.897901,0.717131,1.185859,-0.640620,-1.521657,-0.239057,0.006900,-0.765086,-0.601493,-0.996984,1.084047,-0.297793,1.430941,-0.360909,-0.177377,-0.197137,0,55.627205
0.241539,-0.990567,-0.035061,-1.858524,2.399714,0.274415,1.943632,0.542392,0.755299,0.983729,1.706116,0.227277,-0.124394,0.494808,0.817326,0.037508,-1.640393,0.825534,0.673552,0.104541,0.583043,-2.000925,1.393206,-0.298163,-0.535533,0,47.962158
-0.145305,-0.584100,1.055870,0.062212,2.327772,-1.109200,1.482359,-0.095471,-0.701203,-1.143667,-0.291384,-0.976379,-0.596527,-0.748923,-1.914002,-0.276391,0.037191,-1.526330,1.288147,0.756089,-0.198735,0.064239,0.538641,-0.684095,-0.525676,0,47.735837
-0.678488,1.241157,0.106975,0.217232,-0.481174,1.148768,0.781039,0.745846,0.219393,-0.355030,0.475433,-0.136595,-0.064926,-1.102848,-0.209585,-0.767063,0.551316,2.372902,0.512877,-1.769297,0.812153,-0.029081,-0.287567,-0.910644,-0.383170,1,48.937660
-0.836307,-0.239371,0.471738,-0.104045,-1.135586,0.406902,0.513801,0.131118,1.518005,-0.859186,-0.445217,0.130271,0.040175,0.603250,1.824542,0.168091,-0.162217,3.246633,-0.702223,0.532729,-0.325107,1.057080,0.640692,0.362392,-0.145450,0,29.069058
-0.012013,1.241417,1.670452,0.627217,0.795506,-0.084532,1.069012,-1.497933,-1.344736,0.051134,0.157234,-1.067167,-0.643009,0.113229,0.457044,0.642639,-0.456346,0.606285,-0.774890,0.817473,-0.347308,2.102083,-1.588005,0.423575,0.324909,0,54.536933
-0.491954,-1.322256,0.531450,0.441608,-0.095231,1.044415,-0.567074,0.280585,-0.047844,0.348712,0.355005,1.694115,-0.756452,-0.108885,0.834380,-0.374871,-0.950817,0.919021,0.830326,-2.083962,-0.131650,-0.699856,1.087483,-0.714404,0.386077,0,49.524471
0.566229,-0.097654,-0.793131,1.267380,0.591713,0.471908,-0.265985,-0.331695,-0.810023,-1.250113,0.334172,0.170740,-0.870023,-1.922060,0.883328,0.039956,2.986036,1.044181,-0.545711,1.258005,0.911977,1.327033,1.627450,1.617257,0.483605,0,64.580310
0.793903,1.303575,-0.346985,1.145252,-1.718634,1.835393,-0.642337,0.274141,-0.716085,-0.048504,-0.881995,-1.284729,1.506639,-0.077255,-0.269528,-0.461764,2.442749,0.069239,-0.149109,0.091395,-0.922131,0.371781,0.968432,0.420984,0.172775,0,65.041272
1.130135,1.190357,-0.329950,0.038512,-0.500856,0.113903,-1.029792,0.848113,-0.226569,-1.237782,0.984813,-0.105637,-1.486200,-1.221798,-0.427120,-0.736452,-1.222644,0.746176,-0.637228,-1.818791,0.848245,1.965904,-2.177724,1.314733,-2.067923,1,69.587116
1.782182,0.021148,-0.310220,1.358652,-0.759889,-1.716706,-0.393921,-0.719061,-1.583540,2.397958,0.686538,-1.927324,-1.002387,0.480927,1.496482,-0.115221,0.935871,-1.327980,0.395987,1.211699,0.611921,1.031219,0.139101,-0.223490,-0.173287,0,55.059333
-0.216291,-0.067439,0.341186,-0.461123,-0.982689,1.067577,-1.233860,0.065475,1.189113,-2.024835,0.470304,-0.551856,-0.357483,0.691130,1.189562,0.386843,1.675651,-0.679177,0.703818,-0.144615,-0.037621,1.263868,1.261493,-0.220700,-0.193996,0,51.652524
1.041391,-1.058789,-0.846353,-0.420256,-1.258171,-0.038529,0.125613,1.264339,-0.911543,1.143057,0.472920,0.152858,-1.382554,0.832854,0.056197,-0.213995,-1.392796,1.776482,1.453270,-0.018063,-0.057393,0.357101,1.727282,1.824738,0.404573,1,69.989015
-0.430611,1.871623,-0.993576,-0.474792,0.379140,0.374689,0.825300,0.388528,-0.891382,-0.472702,1.713069,-0.210394,-0.529874,-1.024870,0.906883,0.516252,-0.060677,1.555907,0.253443,0.953488,-0.968193,0.593205,1.051245,1.862104,1.577201,0,52.745915
1.202010,0.427512,0.713816,-0.462121,-0.783794,2.131112,0.158593,-0.491162,0.768508,-1.288799,0.675381,-0.725525,0.358341,-1.486411,1.775118,1.027217,-1.690633,0.559906,-0.761343,-0.171863,-1.643064,0.371219,-0.193607,1.104710,2.396563,1,78.554279
-1.389252,-1.001472,-1.535788,0.675649,0.313234,1.040455,0.675632,-0.869578,-0.458681,1.317524,0.381785,-0.249982,0.996044,0.474843,-2.095561,0.769542,0.651450,1.768285,0.209453,-0.914122,-1.218103,0.162641,0.360671,-1.166066,-0.526146,0,34.957032
-1.459596,0.321314,0.050706,-0.404124,-1.267366,0.266479,-0.065713,0.594405,-0.557599,-0.071692,0.145328,-0.172158,-1.319791,-0.036723,-2.014907,0.916639,0.067449,0.288642,0.485242,-0.398800,0.278326,-0.882303,-0.935574,-0.667283,-1.920370,0,28.337677
-1.108781,0.630256,-0.048994,0.923907,0.110635,-0.652582,1.857082,-1.351027,-0.595193,0.541328,-1.237807,-0.971940,-1.261222,-0.982672,0.273128,1.159547,2.048791,0.822025,1.171942,2.134039,0.377795,1.922283,-0.125651,-0.620059,-0.024553,1,46.836568
0.820056,1.412807,1.596843,-0.755550,-0.167586,-1.459976,-1.563261,0.873384,0.040975,-0.527639,1.125825,1.037159,-1.739627,0.870711,-0.485531,1.362790,2.230519,-1.116984,0.860247,0.170827,0.534820,1.184651,-1.174213,-0.308847,-0.451066,1,68.908080
-1.234815,-0.003624,-0.303669,-0.228891,-0.314650,1.309743,-0.347872,0.268900,0.399772,0.525026,0.794582,-0.458585,-0.199165,-0.874961,1.326073,-0.241408,-0.142905,-0.662579,-1.429532,-1.072868,0.636716,-0.503623,0.413199,0.625800,-1.677664,0,36.200539
1.336659,0.642362,-0.971250,0.611071,-0.843839,-1.574830,-2.260821,-1.269931,-0.869539,0.057511,-0.061936,0.111887,-1.599579,0.325657,-0.233020,-1.329913,0.387631,1.234256,-2.833844,0.242447,1.126442,-0.804887,-0.635635,1.715297,-0.531902,0,60.967861
-0.652483,-0.004424,-1.485395,0.547792,-0.354467,0.948680,0.544673,-0.603789,-0.883898,-1.564933,-0.590194,0.616232,-0.977587,-0.719221,0.785747,-0.667453,-0.509244,0.065282,-0.861570,0.718665,0.129429,0.856226,0.297762,0.561637,0.000467,1,43.613922
0.878886,-0.970275,-0.545532,-0.525325,0.932243,-0.243828,-0.509387,1.101943,-1.645084,-0.556265,-0.779371,0.486946,-0.182493,1.349246,0.853065,-1.139405,-0.392896,-0.579398,-0.987297,-0.022885,-0.369824,1.066508,-1.155705,0.190942,0.730614,0,54.135600
-0.859933,1.055215,1.587099,-0.916551,0.916815,1.501978,-0.955672,-0.605217,0.161700,0.040913,-1.058289,-1.010685,0.760201,-1.236636,-0.593547,-1.074776,1.900809,0.197571,-0.236582,1.152118,1.672701,1.815628,-2.776150,1.247176,0.928272,0,61.110466
-0.729522,-2.765338,0.692178,-1.080063,-0.740783,-0.426504,0.636961,-0.948838,0.701910,0.369784,0.294730,1.756431,2.094999,-0.692216,-0.452527,-1.278106,-0.239456,-1.068329,1.027834,0.083628,-0.222593,0.041195,1.909960,0.532589,0.024896,0,21.149388
0.097344,-1.094500,0.830897,1.540629,-0.995990,1.943999,-0.585193,-1.485945,-1.882064,0.821292,0.425377,0.077764,-0.595125,-0.436422,-1.733329,0.698858,0.063943,0.089906,-0.415543,-0.919973,-1.899718,-0.526426,-0.975335,-1.566139,-0.019038,0,50.043466
0.204393,0.182856,0.825037,0.601247,-0.902649,-0.933443,0.062604,1.508177,-1.076058,-0.456746,0.187866,-2.314078,-1.140668,-0.546244,-0.111576,-0.570888,-0.979882,0.906631,-1.015982,0.779208,0.522746,-0.591221,-0.417004,0.621048,0.840875,0,47.083543
-1.481432,-0.211633,0.613555,-0.299716,-0.129523,-1.622799,-1.287176,-0.742353,-0.652930,-0.754845,0.507095,-0.264428,1.171738,-1.166558,-2.215653,0.027265,-1.065261,-0.827363,-0.471904,0.543706,0.436109,-0.909509,-0.019723,1.038126,2.033481,0,28.834733
-1.421631,2.680751,0.788769,1.222392,0.356239,-0.395367,0.350178,0.137264,-1.428455,0.005428,-0.416129,-0.763914,-0.287096,0.782604,-0.289483,-0.458337,-0.513872,0.576472,1.395602,-2.172563,0.500736,0.659883,0.228525,-1.072667,0.584736,1,50.806730
-0.870373,0.597256,0.739655,-0.274866,-0.947360,-0.418603,-0.887799,-0.157100,-1.357533,-0.755597,0.072894,1.227676,-0.334631,-0.512645,1.181316,-0.509634,-0.232864,1.797405,-0.344303,0.495935,-0.278467,-0.205193,0.685143,-0.350680,0.127333,0,49.603634
-2.169250,-2.451896,-0.129906,-0.398356,0.513111,-1.391359,-0.359273,-0.408710,-1.703822,0.047330,-0.384948,1.622519,2.294509,0.493717,1.897414,-0.638872,-1.038062,-0.383110,-0.755128,-0.482577,-0.309512,-0.593597,1.057674,1.174421,0.625947,0,24.814749
0.042728,-1.080958,1.342265,-1.098797,0.263438,1.109280,0.376852,0.978349,-0.735047,0.522168,0.540415,0.357249,1.120317,1.138464,1.340840,-0.318025,1.896781,-2.372458,-0.538888,-0.906197,-1.692155,1.099320,0.374803,-0.114210,0.201205,0,51.596522
-1.063375,-0.296398,0.601885,-0.244841,-0.842067,-1.259579,-0.948393,-1.174328,0.728329,-0.466749,1.363054,1.018791,-2.210068,-0.687768,-0.287287,-1.014248,1.625444,-1.718150,0.639138,0.798052,0.386395,-1.345890,-1.428189,-0.204903,1.247359,1,38.179376
0.466291,-0.664022,0.210626,0.862703,0.724440,0.955581,2.280301,-1.639639,0.605923,-1.348525,-0.967498,-2.028262,0.776644,-0.970586,0.927375,0.746420,-0.245782,1.608117,-1.283703,0.366479,0.993800,0.138944,0.586200,0.803896,-0.802637,0,47.541057
-0.774207,1.980230,-1.886899,-0.487911,-0.346838,0.575560,-1.096908,0.986276,-0.223346,-0.859201,-0.839994,0.570783,1.454420,0.955761,-0.148457,0.902494,-0.225210,0.030861,-0.992334,0.665995,1.230065,0.950452,-0.878494,-0.246232,-0.934764,0,43.923899
0.622270,-0.712942,1.487807,-1.483646,0.910848,1.028321,-0.419695,0.082475,0.814681,-0.006722,0.358492,-0.896947,0.233171,1.113469,-0.994745,0.531171,0.377370,0.351203,-1.460637,0.981080,1.018904,0.004334,1.399283,0.121615,-0.832678,0,52.089532
1.080609,-0.606366,0.124792,0.094278,-0.482872,1.297111,-0.631242,-0.817915,-0.561249,-1.148268,0.796792,-1.161137,-1.281991,-0.497368,0.495781,0.491379,0.665478,0.063750,0.754225,-0.221271,0.468961,0.466393,-1.122786,0.930342,-0.874155,0,65.809917
0.356144,-0.778279,-0.720644,0.356702,0.416682,0.116664,0.433940,0.609941,-0.895620,-1.632048,0.179117,0.695261,0.215437,-0.663475,0.394149,1.103687,-1.036329,-1.188564,1.753654,1.152348,-0.107821,-0.463068,-0.367488,0.144582,-1.652548,0,45.121483
-0.662729,-1.057041,0.098117,-1.193946,-1.882863,0.493058,-0.012142,-1.315251,1.133977,0.438673,-0.280833,0.453383,-1.217173,0.488189,-1.232317,0.069434,0.728592,0.747073,-1.029655,0.522540,-0.992948,-0.187813,-0.939105,-1.563443,-0.389182,0,37.831055
-1.034494,-0.260280,-0.289169,-1.040963,-0.219407,-0.277147,-0.880059,-0.140770,-0.679418,-1.188362,2.215672,0.489689,0.511471,0.523021,1.382420,1.140811,0.043048,-0.862563,-0.324611,0.133327,0.398097,-1.603541,-0.187123,-0.261475,-0.235664,1,43.445859
-0.317510,-1.136354,-0.391541,-0.666813,-0.539337,-0.924271,-0.668659,1.456075,-2.260894,-2.161740,0.154951,1.431317,0.171915,-0.631184,0.874919,-0.760863,0.696586,0.308272,0.373436,-1.528535,-0.372371,0.123599,1.290940,-0.273293,-0.841116,0,45.717265
-1.137903,1.357105,-1.112707,1.036756,0.159308,-0.590460,0.260483,0.844898,0.229261,0.107420,1.323939,-1.262168,-1.082540,0.230136,-2.085123,-0.725336,1.918754,-0.881577,-0.278237,1.085562,-0.423596,0.031876,0.296132,0.732088,-0.321922,0,46.188513
0.572650,-0.322741,0.257146,0.106911,0.964212,-0.007558,-1.737003,1.729645,-0.525652,-1.307812,0.850226,-1.404485,0.061755,0.155142,-0.183026,0.215191,0.358270,-0.712325,-0.487792,1.809987,0.329867,-1.304887,1.329598,-1.046659,-0.003490,1,58.571298
-1.577022,0.308368,0.607032,1.611440,0.953723,-1.051503,-0.504734,-0.278489,0.160067,0.772405,1.982699,-0.736054,-1.335511,0.312200,-0.636704,0.769105,0.329303,0.809338,0.528927,-0.268825,-0.744861,-0.062473,0.712576,0.841798,0.330022,1,44.556440
-0.347481,0.041768,-1.347453,-0.463214,0.400712,0.399903,1.424016,0.710893,0.904583,1.107654,0.639809,-0.402091,-1.010335,-0.211287,-1.342196,-1.751960,2.045813,0.190451,-1.569331,-0.815382,0.478187,0.281398,1.822263,0.158215,-0.359434,0,44.859002
-0.856933,0.334506,-1.759493,0.129455,0.561415,0.651027,0.490722,-1.745023,0.100453,-0.279861,0.235094,-0.159523,-0.936128,0.132794,-0.796931,-0.799852,-0.074291,0.258089,-1.328280,1.582447,-2.195588,0.593044,-0.665568,2.237853,-0.130665,0,45.577099
-0.192794,1.494148,0.221734,-1.085666,0.343674,-0.738931,-0.829647,-1.378029,-1.104234,-0.394719,-0.959929,-1.935410,1.005938,-0.047630,-1.455941,-0.054248,0.163318,-1.361338,0.208914,0.218077,0.332936,-0.122924,0.587159,0.683688,-0.650804,0,54.175109
1.480301,0.347677,0.045752,0.236846,-2.660647,0.068966,0.254510,-0.060607,-0.867431,-0.583669,0.030817,0.519433,-1.052454,-1.401297,0.170757,-0.476627,-0.669121,0.977884,-1.114149,0.936214,0.842379,0.922089,-0.521739,2.834730,0.042193,0,59.752182
-0.611742,0.406658,-0.248858,-1.703840,1.041075,0.032819,0.315308,-0.190326,0.474255,0.929589,-0.754434,0.257438,0.448818,-1.841747,-0.883250,0.672375,0.987813,-0.004361,-0.927729,0.332159,-0.469734,0.168488,-0.856240,0.675749,0.595567,0,46.454015
0.180425,0.249419,1.841984,0.726404,1.206913,1.652790,0.078672,-1.592064,-1.163389,0.411317,-0.905066,2.558958,2.334293,-2.075972,1.221997,-0.532475,-0.233325,-0.892979,-0.113607,1.029106,1.622472,0.313417,-1.279662,-1.139874,0.079042,0,60.033631
0.749811,-0.570461,0.508022,0.381509,0.170207,-0.972394,-0.330805,-0.182194,1.640559,-0.203991,1.192780,0.533735,0.232026,1.941226,1.514623,1.624351,0.214275,0.380538,-0.828569,0.378476,-0.057268,2.309314,-0.867920,0.790948,-0.116450,1,52.528389
1.458190,2.187555,-0.079066,-0.127486,1.341798,-1.069880,1.116504,0.456941,-1.609417,1.176405,-0.901367,2.694513,0.694598,0.745593,1.762716,0.380129,0.305417,-1.243591,-0.234391,1.115466,0.065895,-0.203582,0.348124,-0.956373,1.056263,0,75.231419
1.916750,-0.069118,0.556064,-2.062242,-1.091860,-1.456336,1.065511,0.839052,-1.048431,0.622165,-1.272503,0.039158,-0.184794,0.193196,-0.749234,-1.430581,0.418895,0.150770,0.004734,-0.256591,-0.717324,-0.566419,0.014019,0.397242,-0.407846,1,72.151828
-1.033370,1.289761,-0.604274,-0.208300,-2.065559,-0.952481,0.725141,0.085971,0.220733,-0.527608,0.370677,0.429951,-0.244170,0.856817,-0.176628,-0.616706,0.385653,1.737710,-0.810226,1.685532,0.520577,-0.763487,0.015835,-0.752268,0.544634,1,39.917334
-1.407040,1.329666,0.629866,0.904115,0.539058,-0.404735,-0.127092,0.521578,-1.022931,-0.540286,-1.288429,-0.936030,1.385538,-0.093428,-1.933133,1.516959,0.846870,0.626169,0.751895,-0.936841,-0.591954,2.026925,0.815807,0.508168,-1.346257,0,42.940352
0.203357,0.655899,0.575562,-0.155482,0.208367,1.527956,-0.039362,-1.980781,0.017457,0.879453,-1.448896,-0.357185,-0.198522,-0.548954,-1.209582,0.894413,-0.366976,0.727887,0.776498,-0.567330,0.037058,-1.083051,0.841956,-0.504703,1.052743,1,62.046530
-0.478027,0.813619,0.828037,0.067459,1.737935,-0.556236,0.141470,0.480213,-2.297458,-0.705497,-0.241345,1.246936,0.783543,0.540628,0.237498,-1.072312,0.251941,1.497608,-1.362494,0.484555,-0.070204,-0.628723,-0.062403,3.443717,0.191253,1,61.440684
-0.231417,0.646755,-1.327260,2.121413,-0.596983,-0.240422,0.080756,0.970668,0.827508,0.949674,-0.628452,-1.592728,-1.868741,-0.076909,-0.088803,-0.256958,-1.857423,-0.765657,-0.247430,0.710395,0.985429,-0.057018,-0.769363,-2.045706,-0.948585,1,30.502597
0.545774,-0.971913,-0.244685,0.408976,0.985298,0.343115,1.358558,-0.269666,-0.685169,-1.406959,-0.169198,-1.416075,-0.452594,-0.116260,0.363209,1.724033,0.753851,0.541144,0.027596,0.565122,0.287270,0.430461,-0.284978,1.568829,0.036110,0,52.049333
-1.052927,0.814284,-0.883056,-0.157647,1.378551,0.244174,0.193363,0.954812,1.139315,0.847268,1.484944,-0.115761,0.931806,-0.784415,-1.140130,1.109946,-0.731918,-0.316705,-0.837584,1.684516,-1.015169,0.671088,-0.437968,0.702764,-0.284701,1,43.676628
0.178835,-0.135447,0.665111,-0.874934,-0.743914,-0.772072,-2.123181,-0.655869,0.303606,-0.799694,-0.776920,-0.776668,0.054719,0.318417,1.970128,-0.954704,2.374648,-0.878396,-0.442069,-1.233659,1.173656,-1.495251,-0.191757,1.263688,-0.149647,1,52.518907
0.363809,0.832963,-0.356480,-0.356540,-1.327368,0.112830,-1.154480,1.021621,0.322803,-1.785437,0.148891,-1.302444,-0.246885,-0.863149,1.003829,1.319735,-1.454509,1.184380,0.365949,-1.100394,-2.847872,0.416130,-0.009125,-1.589271,1.329635,1,50.729558
-0.684738,-0.258222,-0.691951,1.320802,-0.541599,-0.698100,1.283405,-1.927940,0.143104,0.576841,-0.153032,1.928104,0.088785,1.154852,-0.247131,-0.406792,0.295588,0.459298,1.323146,-0.425886,-1.585159,0.602621,-0.601072,-1.687320,-0.762449,0,41.193089
1.254287,2.033675,-2.529848,-0.369765,0.673345,-0.480811,-0.803168,0.651820,0.762920,-0.123002,0.332565,-0.218457,-0.168264,0.913463,-0.616252,-1.007300,-0.955921,-1.303830,0.360280,0.079011,-0.502921,-0.961081,-0.852855,0.395801,1.333704,1,82.162149
-0.858759,0.192626,0.258629,0.006246,-0.191789,2.013152,1.517621,-2.606393,1.713212,-2.360242,-1.774702,0.714090,-0.385611,-1.585585,1.387878,-0.309696,-0.949196,0.690301,0.478832,0.685708,-2.149204,0.102848,-1.343389,0.309701,0.282957,0,48.414986
0.169531,-0.365638,-1.113955,-1.312400,-0.852129,-0.754891,-0.577096,1.365628,-1.554439,0.388706,0.334201,0.306763,0.442287,-1.854105,0.025292,0.582167,1.580141,0.119955,-0.319908,-0.095070,-1.254031,-1.106310,0.128804,0.346195,-0.261577,0,45.223244
-0.602532,1.537610,0.213816,-0.890690,1.391843,-2.587034,-0.358911,0.686203,1.940870,1.341052,1.372887,0.937244,-2.195576,-0.775530,1.116347,-0.696989,0.978948,0.267815,1.069193,-0.466761,1.559326,0.632981,-0.969218,-0.297226,1.215751,1,55.480054
-0.288513,0.148291,1.442732,-0.732144,0.764285,1.489685,1.122090,-0.706260,-0.317184,0.987636,-1.385757,-0.369041,-1.698056,-1.620641,0.063236,-1.138150,2.101906,1.058389,0.329229,-0.966709,0.652254,-1.803736,0.750751,-0.599426,1.035135,1,52.053330
0.041423,-0.939143,0.320984,0.604624,0.329696,0.603926,0.568780,0.445059,1.662525,-1.219214,-0.548604,-0.673213,-1.485085,1.005041,-0.904050,0.158286,-0.223605,-1.857806,-0.121817,-0.635178,-1.499071,-0.891636,1.596606,0.434989,1.567770,0,48.446023
0.514366,-0.206881,1.640130,-0.039167,1.196088,-0.980102,-0.212531,-0.017231,1.866152,0.174148,-0.826217,0.176648,0.017445,-2.555219,0.375679,-0.909156,-0.225472,-2.273829,-0.050103,-1.100393,-0.186948,-0.577514,-0.056972,-0.741423,1.147815,0,49.159015
-1.195397,-0.043845,0.745006,-0.055473,0.572922,-0.817502,0.264903,0.786785,-0.119505,-0.847832,0.452306,1.184124,-0.348139,1.360294,-0.747922,-1.129406,-0.428416,-1.057426,-0.224791,-0.001178,1.246038,-1.538297,-0.680443,1.607825,0.907729,0,34.514655
-0.397919,0.124662,-0.771438,0.111839,0.590584,0.267548,-0.584504,-0.245385,-0.595038,1.492937,-0.260709,0.858022,-0.115414,-0.425928,0.105234,0.143209,-0.518427,0.528236,-0.402868,-1.780249,0.548688,-1.025172,0.795909,1.220017,0.049856,0,50.729334
-0.241576,0.713082,0.073677,0.870491,-0.050300,0.423110,0.539486,1.363914,-1.048828,1.544647,1.202027,-1.662078,-1.249938,-1.093512,0.456262,1.165460,-1.784008,-1.340290,-0.806291,-0.615204,0.732352,-1.236442,-0.656078,0.561299,0.489472,0,52.387395
0.709548,0.040020,-0.326836,-1.840598,0.213936,0.545530,-0.733113,-0.388151,-1.049582,0.280430,0.486521,0.395657,-0.437223,-0.205599,-1.075376,1.435518,0.430561,-0.934326,-1.241751,-1.480329,0.574023,0.985967,0.781670,2.410075,-1.847910,1,66.593531
0.755444,0.815563,-0.758788,0.338467,0.227603,-0.733222,-1.156925,-0.626828,1.261642,-0.202511,-1.095130,-1.380884,-0.048596,0.634940,0.888971,-0.064529,-0.216752,-0.583639,-0.246252,-1.596220,1.454929,-0.024680,1.672121,1.304157,-0.178177,1,72.251791
-0.183337,-0.596863,-0.266093,-0.122493,-0.402678,-0.946976,-0.548134,0.734660,-0.085611,0.297850,0.046470,0.837468,1.569762,0.830559,-0.573510,0.259316,0.175752,-0.760983,0.981423,-1.300722,-0.802882,2.162824,-0.353237,-1.177957,0.476964,0,52.148219
0.210748,-0.557119,1.196125,-0.952447,1.437353,-1.546885,0.040721,2.200159,-0.823386,-1.631344,0.802074,-1.785151,-1.078158,2.386968,0.124459,-0.059090,-0.731173,1.625776,0.798812,0.891971,-0.182627,1.004856,0.060484,1.119858,1.487604,0,41.463604
-0.867572,-0.067576,-0.459533,0.681560,-0.948538,-1.443922,0.685402,-0.811357,-1.282585,-2.507637,0.020177,-0.561606,-0.278156,0.952252,0.504318,0.515650,1.259411,-0.531744,0.320016,-0.526003,1.770812,0.803800,-0.531057,-1.427653,0.615741,0,32.026433
-0.884380,-0.987336,-0.112146,-0.450110,-1.002232,-1.371868,-0.938326,-1.109897,0.593571,0.103294,-0.069123,1.603367,-0.815852,2.826632,1.032394,1.900390,0.453179,-1.347600,-2.797070,1.138596,-1.125542,-1.630753,0.060705,-1.336914,-0.920104,0,31.349893
-0.372249,-0.015043,-1.644510,1.141712,-0.022517,0.063399,0.635329,0.470995,-1.220805,-1.880225,-1.524855,1.077947,-0.917300,-1.165761,-1.763041,0.697042,0.432622,0.675109,0.325419,0.752938,-1.177430,0.606919,2.122647,0.907094,-0.249889,0,53.002412
0.657868,1.519050,1.606773,0.741085,1.585238,0.238835,0.090449,1.646846,0.225301,1.093947,-1.269466,-0.169382,-1.656827,-0.446099,-0.368379,-0.897525,1.377116,0.214253,-0.693064,0.860408,0.418355,0.220920,-1.306201,-0.539164,0.468164,1,78.252849
0.436510,-1.462660,-0.090531,0.630570,0.180452,-0.469219,0.632725,-0.588377,0.231570,0.465157,1.669912,-0.193777,0.243013,-1.937472,-0.114476,1.950775,-0.369110,1.339067,-0.265685,-0.747286,-0.728870,0.225964,-0.748468,0.855856,-0.586222,1,42.112215
0.495976,0.160000,0.196133,-0.968983,1.582753,-0.253326,-0.582673,-0.578046,3.135424,-1.967196,-0.371031,1.200530,0.196660,-0.095055,-0.770947,-0.916005,2.082935,-0.297532,0.737367,0.134541,0.038253,-0.176035,-0.245805,-2.435574,-1.078208,1,67.469722
-1.143251,-0.486425,-0.619247,-1.094329,-0.278201,0.535348,-0.403972,0.041435,2.467447,0.191677,-0.021672,0.614184,0.352848,-2.443669,0.228312,0.357856,-0.412663,-0.537745,-0.605059,-1.008895,-0.268101,-0.874223,1.845443,-0.244119,-1.490421,0,39.610485
0.928921,1.407157,-1.409515,0.420584,-0.695032,-0.046850,-0.085584,1.533457,0.736654,-1.218392,0.213514,0.723473,0.660710,0.300868,1.001543,1.077507,0.132682,0.365363,-1.214491,0.031705,-0.797735,-1.085173,-1.454225,-0.247782,1.282293,1,66.624106
1.376547,-1.560078,-0.226037,0.072921,-0.563438,1.277941,1.174590,-1.705255,-0.117718,0.299241,-0.117401,-0.376737,0.350888,0.065774,2.252212,0.745004,-0.678012,1.781137,-0.481507,-0.872426,0.131234,0.303605,1.210105,-0.177283,0.686811,1,64.099394
1.258559,1.398178,0.791095,-0.869334,0.218997,0.453198,0.460297,0.416684,-1.246623,0.728600,1.004146,-0.216391,-1.480564,0.899972,-0.742905,-1.679902,-0.677431,0.749945,1.046243,0.826054,-0.254803,0.255896,0.099019,-0.174058,0.202951,1,77.963091
0.430255,0.404954,0.384676,-0.249327,-1.092471,0.333281,2.059397,0.823430,0.423136,0.317499,-0.197725,-2.514005,-0.749795,0.249728,0.439522,-0.587273,0.186765,0.885056,-0.333172,-1.591587,0.571963,0.969997,1.192500,-0.172956,0.499173,1,63.765537
-1.045479,0.957046,-1.417419,-1.249422,0.730468,-1.102919,0.313271,0.140091,0.080916,-0.401982,-0.782029,-0.043842,-2.024153,-1.191248,-1.009896,-1.481472,0.473196,0.558825,-0.213315,-1.388734,-1.524409,0.137932,-0.632147,-0.825826,-1.476852,0,41.394901
-0.259420,-0.356021,-0.231912,-0.513919,0.016340,-0.212806,-2.431409,0.501369,-0.491006,1.834245,-0.561759,1.244118,0.222608,0.850865,0.893165,-0.392731,-0.912114,-0.062240,-0.484263,-1.421852,0.156538,0.269841,-0.477009,0.353850,-1.053723,1,49.527065
-2.134898,1.663598,-1.190997,-0.886047,-0.976555,1.257260,-1.031961,1.574928,-0.385447,0.673623,0.361759,1.278000,0.325494,-0.271320,-0.809675,0.968683,-2.168455,-0.005456,2.296884,1.407629,0.514646,0.094352,-0.127006,1.240169,-0.020220,0,35.991988
0.730454,-0.814376,0.638637,-1.194835,-0.373171,-1.038060,-1.383696,-0.942844,0.913723,0.097495,2.096617,0.481076,0.149889,0.910715,-0.942441,-0.831786,-0.102780,0.355149,0.450331,-1.041873,-0.279928,0.478191,0.336129,-0.461804,0.166829,0,58.067142
-1.401979,-0.474329,-2.081241,-0.225049,0.099130,0.420923,-1.610953,-1.772442,-0.078031,0.158055,-1.186740,-0.871823,0.114162,0.419275,-1.190105,0.146862,-0.842034,0.258218,-0.252735,0.010075,-0.221826,-0.217929,-0.282029,0.040470,1.844600,1,32.105366
0.287150,-1.984877,-1.488173,-1.670978,0.795704,2.109452,0.565675,0.733153,0.217567,0.110297,0.662396,0.340688,1.948222,0.577497,-1.322676,1.309292,1.327287,0.549718,0.873650,-0.520862,-0.323717,-0.872174,-0.666569,0.759688,1.659099,0,54.409308
0.309018,1.117687,2.141383,1.655300,0.118296,1.489398,-1.618767,0.476355,0.311194,-0.989391,-0.759168,1.192854,-0.687718,-0.328723,-0.345251,1.594455,-0.972762,-0.009899,0.770016,0.422440,-0.182566,0.820249,-0.551444,0.221018,-0.321939,0,61.807899
-1.229216,-0.453194,0.082909,1.638703,-0.155693,-1.021708,1.783974,0.488204,-0.367621,-1.170268,-1.489027,0.312902,-0.155353,-0.704925,-0.301240,0.063040,0.219397,0.663241,0.340642,0.485318,-0.102342,1.734120,-0.398381,-0.857682,-0.850216,0,27.496121
-0.331442,-1.657763,-1.143819,-0.261423,0.041102,-1.822901,-0.364448,-0.668874,-1.753905,-1.738996,-0.041774,0.363789,-0.659713,-1.530081,-0.354033,-0.085284,-0.482569,0.407452,-0.820950,0.283442,-0.143998,-1.913877,0.165985,-2.654158,-1.044648,0,25.073584
-0.085378,2.653228,-0.736936,0.454118,1.856165,1.236971,0.370883,-0.292315,0.866437,1.213942,0.215065,0.427441,-0.839853,-0.741866,-0.714191,0.160517,-0.268089,0.595709,1.189866,0.212525,0.755595,0.321471,1.327597,-1.076231,-0.209548,0,70.666951
2.506430,0.199966,-0.072180,1.460469,-1.346767,-0.623867,0.189414,0.991665,1.164478,-0.182049,1.866707,-0.137085,2.145226,2.226339,-0.746117,0.169340,0.227448,-0.856161,0.088233,0.429672,-0.658001,-0.632821,-0.399891,0.350862,0.723816,1,75.572299
-0.466011,0.651822,0.880521,1.409383,-1.653166,0.495628,1.295077,0.991936,0.480768,-1.204801,0.894105,1.214630,-0.621808,0.652635,0.004867,-0.954358,1.385297,-0.595078,-1.839955,1.611396,0.395760,-2.088031,0.530417,-0.457001,0.258385,1,55.043148
-1.384762,0.565051,-0.147237,0.297729,-1.768541,-0.869295,-0.169859,-0.431896,2.826457,-0.211615,0.860021,1.598439,1.731025,-0.753436,0.925420,1.114413,1.343037,1.183509,0.639454,-0.083925,-0.299881,-1.477034,0.967661,-0.392411,2.250493,0,33.436745
0.046918,-0.003437,-0.001291,-0.882841,-0.764717,0.094691,1.829423,-1.019824,2.062454,0.329837,-0.629004,-0.448389,1.868087,0.780432,0.928807,-1.005196,-1.000524,2.293874,-2.290898,-0.196013,0.380905,0.509520,-1.695913,-1.275976,-0.096393,0,51.532134
1.026697,0.220779,0.353461,-0.595939,-0.294506,1.234543,0.044870,1.748072,-0.537000,-0.501232,-0.313953,-1.477237,0.409643,0.232746,0.389779,-0.109442,-1.695058,0.559021,-0.166877,0.982337,-0.348052,0.810166,0.900944,1.812348,0.071116,1,63.032471
-0.281887,0.880004,0.030379,0.176038,-0.431531,-1.044079,0.703619,-0.484896,-1.222131,-0.227277,-0.034169,0.193213,0.856076,-0.350837,1.280906,-0.043530,-0.382268,0.709849,0.817667,0.305785,0.690188,-1.207049,-0.429323,0.842661,0.428132,0,48.408442
-0.032451,-1.212947,1.477912,-2.218977,1.233966,-0.930171,0.631919,0.040350,0.728199,-0.302099,-0.303486,1.423240,-0.721636,-0.353873,0.156679,0.464565,-0.470221,-1.039485,1.155489,-1.062269,-0.403801,0.559993,-1.603513,0.037287,0.758412,0,50.723091
1.038659,1.239853,-1.661216,0.782336,-1.281748,1.608308,0.456662,0.025439,-0.795324,-0.094626,-0.311511,0.362338,-0.219495,-0.015715,2.564869,-0.225160,-0.513142,0.107309,0.306916,0.915326,0.865029,-0.599670,-1.291410,0.247594,-0.072515,1,68.551502
-0.579260,-1.843341,0.072851,1.305717,0.134759,-0.592185,0.259671,-0.072665,0.021774,-0.758800,0.164865,0.921017,-1.020714,0.861429,0.507045,0.641298,-3.469690,0.708857,-0.269452,0.774784,0.562853,-0.620761,-1.943147,0.717266,-1.158386,0,33.417584
-0.605943,-0.180677,-1.049239,1.675929,0.663852,0.726069,0.219595,-0.756818,0.815572,1.349726,0.453155,-1.926396,-0.548442,-1.373789,0.070687,-0.375177,0.673073,0.508963,-1.440711,-1.300304,1.173967,-1.396038,-0.639030,1.333134,-0.941524,0,35.373058
-1.577446,0.926353,0.913653,0.943849,-0.550514,0.211270,0.103502,2.040277,-0.431559,0.204053,-2.714269,0.112558,-2.025463,0.292095,-0.951277,0.232946,0.788163,0.006903,1.823138,0.830913,0.029652,-1.554446,-0.286621,0.064760,0.043872,0,36.502894
-1.375731,-1.618272,1.478344,0.300419,-0.429107,-0.539069,-0.374158,-1.600683,-0.629019,0.202847,0.122399,0.995983,0.875146,-0.472055,0.279230,-0.225731,-1.771025,0.442576,-1.116682,-0.726194,1.663466,-0.360389,0.404065,0.332715,-1.377424,0,33.751316
-0.798144,1.097657,0.414680,-0.455327,-0.107592,0.577208,1.670329,-0.910865,-0.626032,-1.473929,0.439466,-0.372459,2.189583,-0.036979,-1.301533,0.225897,1.291272,0.319279,1.336893,0.072317,1.565739,0.080374,1.066787,-0.532873,0.577677,1,48.141573
-0.581340,-0.786230,-0.411000,-0.702444,-0.597087,-2.158802,-0.032622,0.928221,0.299113,1.783043,-0.446886,0.725623,-0.805669,1.200208,0.917072,-0.127741,1.439271,-1.716878,-0.214885,-1.488051,-0.622810,2.029124,0.209532,-0.647593,-1.003351,1,42.030102
0.506258,0.614121,-1.129377,-0.767762,0.320723,-0.886023,-0.083036,-1.010169,-0.225688,0.785475,-0.973691,0.493559,0.321934,0.338767,-0.720688,-1.219638,-0.319955,-1.035982,0.425208,-1.851114,0.830717,0.225961,-2.025468,-1.754414,1.450178,1,59.953971
0.617847,1.196369,0.903852,-0.411109,-0.163480,0.226193,0.396623,0.201791,0.629516,0.962025,0.966416,-1.141773,0.161715,0.721315,-0.673018,0.580148,-2.218444,0.845869,-0.036684,0.792273,1.011500,-0.481044,1.461636,-0.476850,0.387553,0,58.389881
-0.207368,-0.024712,1.044445,0.354536,0.449996,0.503531,0.253222,0.572332,-0.735819,-0.626196,-0.478262,0.021636,-1.099248,0.476613,0.396574,0.248137,-0.741205,2.079480,-0.077326,1.668748,-0.999284,-0.124848,-1.499607,-0.621638,0.122754,0,55.879161
1.644722,1.732285,-0.300717,0.554830,-1.509471,-1.248591,-0.539868,-0.201810,-0.897324,-0.643366,0.468817,0.069672,-1.382026,-0.213394,-0.559506,0.265342,0.051050,1.960340,-0.365047,0.590737,-0.173421,-0.664710,0.212206,-0.134671,1.182457,0,75.962607
0.956836,-1.590712,1.943950,1.295676,-0.675446,0.845273,-0.392945,0.517525,-0.615933,-0.417120,-1.643734,-0.291179,-0.927794,0.526310,-1.285221,-0.032094,1.523498,1.731339,-0.450366,-0.278591,-0.067944,1.168935,-1.749466,-0.840236,-0.131745,0,58.519517
-0.440819,-0.509943,-1.713418,0.740484,-0.553917,0.283073,-0.006895,0.258189,-1.897648,-1.364391,-0.872180,0.009234,-0.871392,0.011030,0.507172,0.980378,-1.584222,-0.573742,0.245126,-0.985209,0.872344,-3.755926,0.791545,-0.520904,-0.743557,0,49.112920
-1.160725,0.888619,0.142193,0.355850,0.054564,-0.141967,0.433292,-1.717903,-1.662091,-0.935991,2.032323,-1.178615,-1.110618,0.853556,-0.607102,0.553915,-0.025414,0.571540,-1.273697,-0.203119,-0.961378,-1.137007,-0.241978,0.169757,0.774027,0,50.061257
-0.750879,0.140565,-0.073776,0.448167,-0.462266,0.245177,0.286929,-0.318898,2.227888,-0.744368,0.197336,-0.161184,-0.814445,0.296692,0.362068,-0.166699,0.939115,-0.423327,1.061953,0.176740,-1.048390,-0.793859,-0.748554,-1.434654,0.957268,0,43.930349
1.081005,-0.403477,-0.488407,-0.333103,-0.232075,-0.523359,0.083273,0.453748,-0.307604,1.470023,1.390572,-0.721614,1.552383,0.116325,-0.316513,-0.400261,0.952860,-0.256875,-0.174765,0.887373,-1.847677,0.733587,-1.843800,0.564037,0.980219,1,65.889532
0.621755,-0.038047,-1.412055,1.862943,-0.205091,0.038678,0.903149,2.126906,0.684932,0.834936,-0.563966,0.933713,-0.255947,1.695710,-1.333961,0.704315,-0.399595,-1.467239,-0.813198,0.395671,-0.021005,-0.911181,1.413329,1.295069,-0.413983,1,56.458790
-0.321394,0.415537,-0.410309,1.894093,0.692178,0.351911,-0.143743,0.386114,0.746691,0.015815,0.178218,0.391878,0.009723,-0.729235,-0.398824,-0.570114,-1.393450,-0.396303,1.255920,0.934913,-0.277150,1.501844,0.161215,1.125108,-1.554469,0,52.932385
-0.170936,-1.074576,0.173860,-1.373706,0.513564,-0.465966,1.032164,0.445154,-0.489556,-0.944650,-2.138778,0.351557,-0.439701,0.888200,-2.241003,0.261256,-0.812788,1.529387,0.458647,-0.780451,-1.090119,-2.914405,-1.306236,0.782948,0.116572,0,35.578952
-0.692358,2.088614,-0.577414,-0.394510,-0.925687,-0.314911,-1.396963,-0.032112,-0.349677,-0.304400,-0.249323,2.603103,-0.242797,-0.172376,-0.938388,0.396226,0.010277,-0.003621,-0.005384,1.530500,0.485211,-0.699113,1.453760,1.335168,-0.432272,1,48.688605
-1.392249,0.663747,1.119993,0.619103,0.971677,1.683857,-0.842332,-1.149963,-0.593595,-0.155588,-1.186695,1.465337,0.031892,-0.869784,1.603448,1.948389,-1.009965,-1.375921,-1.559274,-0.691479,1.223145,-1.616616,0.218840,0.237996,0.587657,1,47.030310
0.350977,0.891383,-0.478539,-0.748411,-1.257268,-0.208873,0.275449,0.010001,-0.499605,1.139358,-0.417440,0.929512,-1.136137,-0.888297,1.620383,-1.270271,0.535566,-0.709890,0.432852,-1.653072,-1.076633,-0.749418,0.142395,-1.724082,1.956079,1,56.701737
0.699708,1.113688,0.170146,0.515393,1.677155,0.922907,-0.894969,0.577613,0.293067,0.031751,0.418942,0.186365,0.705643,2.119125,-0.338757,0.918808,1.688480,1.787288,-0.676406,1.070389,0.177866,1.851975,-0.301936,0.826615,2.430790,0,69.816614
-0.300914,1.163059,-2.405897,-0.541839,-0.904732,-0.156982,0.055465,0.023032,1.942174,0.231189,1.943861,-0.291333,-0.585064,-1.394652,0.403160,1.724017,0.894093,0.546851,0.727381,0.576386,0.506852,0.137565,-0.211512,0.208008,-0.223148,1,50.329266
-0.146658,0.213168,-0.322516,0.970760,0.057630,-0.033814,-0.135548,0.571997,-0.598564,0.186798,-0.047786,0.685106,0.175211,-0.269914,1.082090,0.478438,2.356622,-0.386310,-0.953041,-0.485308,-0.051052,1.244361,-0.079566,0.367050,-0.580226,0,50.013300
1.503699,-0.180858,0.315249,0.532197,0.418001,-0.345350,0.450537,0.716187,-0.374391,-1.159408,-0.164435,-0.264826,0.535635,1.359465,1.031768,0.616374,-0.427109,0.776649,-1.943841,0.125601,0.624771,-2.365017,0.400627,-0.318156,2.185334,1,68.361306
-0.376023,-1.042452,0.303001,-0.339777,-0.492000,-1.625448,-0.216583,2.397497,0.730881,3.248829,1.049913,-0.185200,-1.223565,0.285781,0.095236,0.580765,-0.837684,-0.751141,-0.812624,-1.236231,1.243159,-1.528878,1.008995,-1.558046,-0.670467,1,46.183538
1.223263,-1.022495,-0.516913,-0.177244,-2.174913,0.521863,-0.470674,0.878603,-1.998719,0.117567,0.672253,-0.909357,0.747115,-1.190431,1.474481,0.460722,-1.289628,-1.349489,1.007299,-2.084630,1.651126,-0.284501,0.852429,-0.758537,1.466125,0,51.573444
1.470596,-1.876892,-0.522281,1.411760,2.809868,0.278261,-0.570829,0.817841,0.806010,0.236683,-1.228750,1.436141,0.880803,0.585764,1.177262,-0.140240,1.331270,-1.772851,-0.009976,1.679990,0.940182,-0.407895,0.701829,0.000071,-0.454842,1,72.123213
-0.277428,-0.680638,-1.110330,1.136455,-0.112945,-0.522934,0.607261,-0.199760,-0.924777,-1.258419,-0.085946,-0.100502,0.819762,0.022581,-0.993239,1.160976,-0.006485,-1.470389,0.459481,-0.095697,1.966723,-0.273726,0.888690,0.870182,-1.307490,0,46.383382
-0.017780,0.401697,-0.577506,0.310305,1.101266,-0.327957,-0.107119,-0.004402,0.436466,-0.837646,0.387917,-1.491545,-0.839516,-0.494645,-0.877506,-0.413732,0.186775,-0.165110,-0.761909,-1.252295,-0.880079,-1.066778,1.604289,-1.574841,0.360630,1,49.863555
-1.038080,0.638018,-0.686646,-1.466368,0.439382,-0.411441,0.498096,0.298175,0.760377,-0.392741,2.044141,-0.785303,0.026399,0.477566,1.657555,-1.383751,0.392700,-2.387692,-0.170380,0.205600,0.496257,0.201206,0.317686,0.963482,-0.751577,0,35.189746
-0.313231,-0.620307,-0.694174,1.072125,-0.702265,-0.066001,-0.037489,-0.525382,-0.183146,-2.918378,0.637768,0.080954,0.551614,0.945538,-1.489169,-0.725663,1.175655,-0.340054,-0.087695,0.420939,-1.064381,0.101945,-0.377913,0.086193,-1.002549,0,49.413839
-2.269335,0.592695,-1.950820,1.078950,1.022428,-2.668221,-1.399654,0.180105,-0.409619,2.503742,-1.399629,-1.725383,0.374119,0.057786,-0.065114,-0.896760,0.169270,-0.064882,0.591710,-0.378893,0.368604,0.209075,0.899969,-1.027850,0.492700,0,23.366138
0.915165,-0.677644,1.906420,0.114058,1.089207,-1.097555,3.039487,0.557461,0.596629,-1.242645,-0.217073,-1.186737,1.569632,1.451577,0.941891,-0.843005,0.042953,-1.138053,-1.606455,-0.274493,0.499531,-0.772908,-0.973555,1.406267,0.471067,1,72.343996
-2.614394,1.442471,-0.076367,-1.606975,-0.286421,-0.044855,-1.603594,0.055180,-1.129308,-1.266444,1.872765,1.147870,1.499147,0.184714,0.449158,0.762698,0.554087,1.081701,-0.702424,3.401766,-2.395503,0.483829,0.829569,-0.360729,0.485623,0,38.481718
-0.886759,0.276460,-1.318288,0.786967,-1.130931,-1.590653,-0.476664,0.563180,-0.766071,0.290073,0.147566,-1.517505,0.716316,1.342589,1.630096,0.699771,0.912794,0.911985,0.715566,0.123998,-0.042847,0.115002,-1.306653,0.133612,1.404798,1,36.351809
-1.746170,-1.122748,0.796035,1.054814,0.531750,-0.998366,1.467227,-0.154664,0.878535,-1.613098,-0.108388,-1.570250,1.304333,-1.748466,0.988768,-0.488725,0.199929,-1.745307,0.442641,0.627670,-1.574608,0.479024,-0.742839,-0.108858,-0.764815,0,25.183169
0.230563,1.142443,-0.358554,-0.847622,2.147271,-0.627545,-0.107863,-0.877137,-0.353896,-0.168174,-0.835407,0.827086,0.068841,-2.973918,-1.986932,1.044185,-0.098906,0.204713,1.231173,0.492548,1.031093,0.949700,0.701156,1.218163,1.647303,1,48.606263
0.123080,0.160917,0.729315,-0.579784,0.677395,2.108946,-0.193277,-0.018114,0.103917,0.287035,0.174223,0.131461,0.309312,-0.361313,-0.060378,0.203590,-0.057049,-0.347969,-0.084744,-1.690478,0.458240,-2.142869,-0.852296,1.017670,-0.131460,0,62.773429
0.256567,0.427052,-0.538710,0.061311,0.364969,-0.852779,0.196570,-0.797259,0.473941,0.167000,1.791379,-0.021526,-2.062745,-0.515113,-0.711184,-0.804552,-1.265184,-1.901873,-0.799462,0.387408,-1.194726,-0.059636,0.646546,0.371749,-1.056732,0,45.883485
-1.403864,1.220668,-0.764618,0.360507,1.665238,0.451651,0.436197,1.420238,-0.493474,-0.496972,-0.315987,0.920928,-0.021546,0.666868,0.110993,2.558675,-0.969825,0.205306,-0.580554,1.575701,0.311532,-1.380478,-0.266821,-1.358387,-0.037665,0,47.809772
0.448023,-2.123507,0.526232,0.437929,2.264161,0.244326,-1.595524,-0.430261,-0.433693,-0.767866,-0.260313,0.599305,0.142230,0.573134,0.253106,0.268287,1.024784,2.061919,0.012430,-0.949526,0.456837,0.662989,0.368496,0.951152,-0.842992,0,51.315242
0.426475,0.506562,-0.340899,1.385801,0.918350,-0.880651,-1.041604,0.970122,-0.765682,-2.572864,1.174976,1.394687,-0.642277,-0.446919,0.656624,1.835741,1.651215,-0.433325,1.373514,-0.348968,-0.661893,-0.437521,0.042854,0.449598,-0.548675,1,56.660269
2.519100,0.531945,2.158231,0.350232,-0.209173,-0.347876,1.343156,-0.326933,2.553246,-0.224013,0.627016,-1.021143,-1.441733,0.141251,-1.027527,0.089769,0.794769,-0.876310,-0.482888,-0.278303,-0.623728,0.774776,1.224364,-0.175406,-0.783603,0,74.086891
1.118460,-0.528630,0.011103,-1.151068,-0.223443,-0.599702,-0.456209,1.768695,0.343605,0.377256,1.695058,0.526652,1.808591,0.520474,2.024310,0.471638,0.372507,-0.029609,-1.473184,0.239862,0.923530,-1.295316,-0.518934,-0.535709,-0.283934,0,48.576380
-0.758228,1.571922,-0.431852,-0.659783,0.032899,-0.256411,-1.119304,-0.673058,0.149637,-0.053612,-0.018423,-0.566801,1.125203,0.045149,-1.121220,1.317244,0.347796,2.036640,0.335632,-0.507964,-1.144587,0.414757,0.303247,1.105454,-0.917121,0,56.703679
-1.315037,-1.394947,0.952297,-1.702401,2.929195,0.552397,0.093608,-0.133771,-0.813705,1.667239,2.255781,-0.140814,-0.579098,-0.629116,0.244955,0.647101,0.297972,-0.022067,0.416934,1.065107,1.982254,1.770803,0.370992,2.244627,0.582094,0,36.140606
-0.477019,-0.178472,-1.128570,0.507501,-0.047722,-1.359371,0.566561,0.221152,0.571372,0.448477,0.396791,-0.616692,-0.555597,-0.115246,0.413687,1.760724,-0.012847,-0.220255,-0.955467,0.737191,0.576414,0.974946,0.241060,-0.472122,-0.528744,0,32.772604
-0.127405,-1.582423,-0.367821,1.824504,1.137511,-1.426882,0.191798,0.432219,-1.487673,0.373487,1.085124,-0.406087,0.554711,-0.272548,0.909086,-0.748404,-0.151708,-2.050509,0.946862,-0.990972,-0.092674,-0.464571,-0.647258,0.105948,-0.501747,1,43.389274
0.307496,-1.105404,0.218119,-0.668560,0.702200,1.866867,1.783598,-0.202646,0.357873,-1.156521,-0.990686,0.630838,1.662783,0.076248,0.699822,-0.368139,-0.445729,0.300777,2.158901,-1.993805,0.281936,-0.180814,-1.041028,0.891886,0.109484,1,49.997119
0.472704,-0.105688,-1.039746,-0.003512,-0.262604,-0.922831,-0.354210,1.417763,0.450994,-0.403542,1.040510,0.957606,-0.262687,0.554625,-1.832188,-2.327997,0.279118,-0.884378,-0.414723,-0.805971,0.155183,0.476127,0.423218,-1.208624,-1.074422,0,56.543088
-0.223354,1.166175,-0.756233,-0.654965,-0.196021,-0.000777,0.227386,-0.328829,-2.159330,-0.230034,-1.370016,-0.362760,1.255886,1.118585,-1.710814,0.295984,0.785404,0.411052,1.006704,1.390305,-1.287049,0.720175,1.181131,-1.495414,0.190967,1,51.271910
1.993709,-0.272649,-0.006094,-0.780837,0.403107,-0.507647,1.540346,0.521773,0.187028,-0.068016,0.262669,-0.938042,0.598423,-0.716329,0.109907,-1.869808,-0.335853,0.982420,-0.336924,-0.455494,0.541689,-1.243202,0.144333,-0.962105,0.572746,0,68.631863
3.048202,0.303039,0.334337,-0.964009,1.288496,-1.139283,-1.394780,0.703269,0.987062,0.937252,-0.369456,0.843874,0.489489,-0.662065,-1.590871,0.087828,1.065083,-0.564971,-1.178172,0.947449,-0.048988,0.756779,-0.420583,0.429135,-1.578852,1,92.013900
0.234492,-1.543886,-0.179100,1.220658,-0.838605,1.940447,1.992892,0.203848,-1.305283,-1.421418,-1.252359,-1.511719,2.167703,-2.100449,-1.660637,1.077719,-0.380144,0.503335,0.300632,-0.291284,1.149008,0.307794,-0.883384,-0.239248,-1.120397,1,48.001571
-1.467909,0.316908,-1.512984,1.211574,-1.217654,0.340783,0.802173,-1.960732,-2.270896,-0.673849,0.434911,-0.103814,0.929170,0.723958,-1.572327,0.079790,-0.096293,-0.406365,-0.337950,0.674387,-0.201404,0.583322,0.420240,-0.971433,0.144833,1,29.741484
0.344792,-0.455800,0.941085,0.956296,-2.770938,-0.745804,-1.157544,0.540751,0.394914,0.634753,-0.985374,-0.726223,-0.238713,0.670733,0.111844,-0.746880,0.347089,0.665486,-0.501888,0.553171,0.321259,-1.565142,-0.673693,0.082494,0.058600,0,44.487727
1.424923,-0.928400,0.405417,-0.098004,-1.850811,0.009935,0.896939,-0.592580,2.193982,-0.728778,0.960935,1.232049,0.791004,0.660463,0.079816,0.647712,-0.215516,-1.434901,-0.459735,0.819341,1.306837,0.855583,-0.008371,0.469221,-0.412185,0,62.428189
-0.696147,-0.805045,0.079514,0.972202,-0.146486,0.749386,0.129486,0.688531,-0.187748,1.884792,-1.829976,0.467357,-0.520239,1.432661,1.358037,-0.892708,-0.354714,0.282077,0.474850,0.813436,0.634565,-0.793784,0.407089,-0.819806,-0.701141,0,33.234509
1.987819,-1.687856,-0.424918,1.914050,0.974590,0.753638,-0.477978,0.941313,-1.149211,-1.209124,0.663906,0.555416,0.578134,-2.295889,0.793625,-0.322691,2.005620,0.592107,-1.248106,-0.590464,-0.469257,-0.293781,0.373636,0.248348,0.805253,0,64.761275
2.615542,0.117225,-1.091644,-1.109940,-1.391413,0.922123,-0.057368,0.166853,0.994367,-0.493846,1.448860,-0.697797,-0.330254,2.036228,1.208982,0.616869,0.251237,0.313219,-1.192514,-0.679044,-0.015068,0.632993,-0.406520,0.935289,-0.333751,0,78.351350
1.785245,-0.485519,-1.321944,0.120125,1.542346,-1.449721,-0.873663,-0.638396,0.358101,0.322330,-1.503097,0.435107,-2.528009,-1.797474,0.762816,0.311808,0.720319,-0.636952,-0.897599,0.714292,0.027647,0.296198,0.616312,0.409854,-0.392414,1,69.647131
-0.893820,0.422246,1.602668,-0.814127,-0.122543,2.047771,-0.515097,-1.051343,0.410811,0.682788,-2.349312,0.058280,-0.495440,0.944056,-0.276879,-2.355210,-0.762015,-0.382045,-0.122008,-2.360965,-0.382728,-0.335684,0.912700,0.532540,0.177068,0,48.342371
0.301930,1.995424,-1.482949,-0.386924,0.027671,1.040709,-0.413960,0.452325,0.647733,-1.703135,-0.750252,0.316067,0.613571,2.170373,0.850585,-1.706319,-0.042308,1.431330,0.698052,-1.255412,-1.014264,0.734237,-0.099490,-0.637039,-1.796726,1,70.106930
1.578924,-0.497057,-0.287001,1.018752,0.193530,-0.070330,0.708833,-0.400556,0.502909,-0.383586,-0.619221,0.912221,-0.398936,1.655834,0.035315,1.148908,0.339518,-1.240252,1.973904,-1.996145,-0.619271,-0.835336,-0.000411,-0.767596,0.054447,1,71.866803
0.250199,-1.839556,-0.906675,-0.220702,0.102471,2.004119,-0.889816,-1.065485,-0.777263,0.662238,-0.345693,0.022193,1.950206,0.438445,-0.314558,1.367704,-1.717064,0.523206,-0.448651,0.269318,0.925689,-0.634636,2.305301,0.093112,1.602582,0,52.272071
-0.970090,-0.587836,-0.200568,-0.250708,0.217520,0.524324,0.051407,1.636022,0.483968,0.950953,-0.726856,0.645380,0.616719,-0.518072,2.543363,0.897060,1.587584,1.006937,0.848268,0.629920,-0.154611,-0.041288,0.032360,-0.778315,-2.264415,1,33.484020
0.856847,0.156897,-0.332522,0.144182,1.798196,-0.447142,-1.371409,0.642329,0.627676,-0.503575,-0.404055,0.583757,-0.366755,-1.188818,0.292411,0.659748,-1.511788,1.322827,-0.321481,-0.246248,0.131992,1.052131,-1.667419,0.113255,0.408112,0,60.980867
-0.704253,0.136148,-0.810929,-0.559380,2.458761,-0.280507,-0.337821,0.579354,-0.601537,0.466356,-1.406659,-0.973669,-1.514296,1.000377,0.126803,1.087820,-0.007295,-0.013578,0.035939,-1.066298,0.365910,-0.483874,-2.193452,0.492265,-1.997203,0,51.578084
-0.996143,0.305509,-0.483781,0.239047,-0.367564,0.926559,-0.771801,-0.259918,-1.069712,-0.128239,-1.089724,0.212784,0.668294,-0.656641,-1.811725,0.077655,-0.476930,-0.098831,-1.000594,-0.722605,0.917877,-1.565962,-0.136794,-0.456958,0.078240,1,45.526909
-0.728115,-0.809431,0.535892,-0.856923,1.908034,0.517160,-0.458171,0.726238,-0.519247,-0.063264,0.476611,-0.569228,0.700201,0.781769,0.178419,2.051424,-0.798449,-1.001178,0.044039,0.866742,1.090243,-0.403428,-1.129024,-0.408266,-0.650939,1,48.861473
-0.524294,-0.002159,-0.122706,0.226169,0.395678,-0.301440,0.280162,0.188348,-1.549944,-1.086957,-0.799326,-0.334129,0.300908,0.136133,1.020431,1.413682,0.810498,1.017117,-0.258961,-1.597427,0.135872,-2.821968,-0.274087,-2.098041,0.585655,1,42.674607
1.252027,1.358662,0.650656,0.467751,0.983834,0.025063,-0.317760,-1.472891,-0.784579,1.332201,0.299142,0.310757,1.106396,-0.601636,0.922668,-1.020129,-1.476038,-1.132574,-0.670971,0.586463,-0.565753,-0.002397,0.751147,-0.152240,-1.388596,1,79.044310
1.609804,-0.768888,-0.855418,0.837511,-0.373956,0.207782,0.597083,-0.717135,-0.964426,-0.656835,-0.557628,-0.071947,-0.050642,1.205993,0.832215,-2.038031,-1.062187,0.958503,-0.659003,-1.104550,1.053743,0.043055,0.161837,-0.277538,-0.990405,0,68.759703
0.979703,-0.116329,-1.132024,-0.415538,0.511375,-0.647787,-0.528331,1.166760,-1.238820,-0.748838,-0.997521,-0.041493,0.503330,-0.118789,-1.700080,1.740709,0.112794,-0.904390,-0.726964,-0.742286,2.157113,-0.204836,2.304686,0.722364,2.153520,0,62.878452
1.342839,0.933473,-0.630373,-2.754987,0.607778,0.974255,1.094691,0.984292,-0.109056,0.980617,-2.733761,0.061268,2.006239,0.173480,0.997401,-0.884734,-0.097693,0.965915,-0.606974,-0.001094,1.523821,0.938076,-0.119323,0.442514,0.839400,1,91.290118
-2.008306,-0.216062,1.311088,-1.369816,0.128324,-0.215060,0.362115,-0.633415,0.343148,1.113477,0.245256,0.294534,-0.581262,-0.588900,-0.187721,-1.130774,1.039526,-0.236603,0.146845,-1.697411,-0.900869,0.194773,0.483340,-0.189222,1.694386,0,28.132410
1.233573,0.730433,1.044929,-1.082054,0.865545,-0.288066,-0.633705,1.098033,-0.782363,0.470204,0.252006,1.078747,-0.276066,-1.043890,-1.261853,0.590717,0.378738,0.027747,0.084606,0.568050,-0.711400,0.359693,-0.114653,-1.239169,0.528532,1,72.373587
-0.542021,-0.016706,-1.090480,-1.014925,0.981078,-0.393119,-0.867574,0.041454,-0.991825,0.886284,-0.548773,2.000744,-0.689526,0.633574,0.305230,0.527053,-0.932123,0.279924,-0.582764,1.181638,-0.544766,0.974389,-0.040279,-0.442037,0.433158,0,46.289346
0.380363,-0.188497,0.910470,0.556133,-0.373915,0.086349,-0.228710,-1.752291,-0.411171,0.805254,-0.573349,-1.289659,-0.521799,1.510503,0.278224,0.664010,-0.519433,0.173937,-0.339544,0.058355,0.686179,-0.772670,1.055244,-0.433956,-0.491864,0,66.242876
0.482012,-0.426127,0.166704,1.191102,1.198966,1.409497,-0.389538,-0.512764,-0.027344,0.760406,-0.844083,0.030971,-0.288118,-0.158044,1.490883,0.164103,0.275069,0.689746,-0.353762,0.137846,-0.620429,0.573179,-0.994745,-0.481527,0.638090,0,54.831884
-1.541949,-1.105964,-0.437438,-0.544441,-0.013717,0.394867,0.807203,-0.161971,0.293172,0.918095,-0.810213,-1.624651,0.144365,-0.210293,-0.562857,-0.402779,0.275368,-0.052927,0.820193,-0.808383,-0.880557,-0.678137,0.410573,-0.164196,0.313409,0,23.742793
0.845881,-2.474097,1.572204,-0.048587,-0.308688,0.665394,-2.016811,-0.227862,-0.082693,-0.545420,-0.173999,-1.136326,-1.990367,-1.151956,1.254445,0.844952,0.841027,-0.222884,1.664903,-0.149901,1.243389,-0.164830,-0.112462,0.083545,-0.474805,0,45.387418
1.081358,0.070574,-0.058720,-0.455154,-0.127050,0.216587,-0.445653,-0.173295,0.975649,0.632210,-0.032274,-0.252592,-2.315479,1.448699,1.040982,0.571954,-0.093372,1.086356,-1.163570,-1.814806,0.760252,1.046906,-0.664779,-0.012466,-0.816138,0,57.695503
0.408413,-0.259336,1.023399,0.343026,-0.993014,1.551157,-1.452673,0.900798,0.142219,1.730932,-0.308708,0.740661,0.047266,-0.669982,1.114345,-0.562150,0.346001,-0.403948,0.912860,-1.560762,-0.144527,-1.089240,-0.514016,-0.549258,-0.364328,1,61.420202
-0.311944,0.133421,-0.243113,-0.158827,1.557894,-1.021194,-0.688924,0.550506,1.241509,-0.886211,0.464967,-0.810071,0.418382,0.459392,0.509395,0.666608,0.938672,-0.334977,0.817604,0.067429,-1.597339,-1.386119,-2.081784,-1.907759,-0.444439,0,54.470293
0.742114,-0.665914,0.342325,0.625249,0.080269,0.451794,-0.165269,1.000394,0.006104,1.610768,-0.636642,2.032225,0.060185,-0.650837,-0.653652,-0.790251,-0.093551,-0.235893,0.265567,-0.207169,-1.270091,-0.679100,-1.082459,0.783990,0.170515,1,67.216992
-0.001355,-0.761779,0.252292,0.455726,0.261604,0.374359,0.796731,-0.331151,-0.297615,0.404143,-2.035963,-0.228013,0.188507,-1.435699,0.141565,-1.504087,-0.631771,-0.560051,-0.851815,0.054947,-0.692648,-0.816973,-1.838751,-0.881473,0.613972,1,60.434537
-0.534586,-3.812450,-0.388386,1.302412,1.335189,0.464826,1.300559,0.164129,-0.356581,-0.994337,2.195461,-0.922919,1.249372,2.015799,-0.527582,-1.553436,1.246825,0.275843,-0.181213,-0.676975,0.468713,1.283518,-0.342505,-1.280748,-0.452448,0,26.532579
0.822760,-0.995274,-0.567747,-1.022804,1.197932,-0.295000,-0.310484,-1.863326,-0.475510,1.591049,0.589518,-1.055893,1.568203,0.463373,-2.151255,2.050247,0.261070,1.059521,-1.211750,0.510982,-0.403120,-0.513359,-1.493157,1.452073,-0.004703,1,62.037947
-1.188748,1.504091,-0.110812,1.084510,-1.226807,2.063492,-0.934498,-1.896801,0.184244,0.268288,0.205991,1.581692,-0.047559,-0.876310,-0.571785,0.530429,0.450195,1.512942,0.085743,-0.790096,-0.424832,-0.180331,1.074148,0.778696,0.053453,1,47.864647
-1.339638,0.917509,0.900674,-0.091104,0.622011,-0.694320,0.718511,0.098776,0.281700,1.580729,1.614378,0.502994,-1.432601,-1.058904,-1.278968,-0.289317,0.783170,-0.675344,-0.984929,0.382006,-1.063611,-2.334281,-0.612906,1.759830,0.450123,0,42.708579
0.254404,0.524409,-0.256871,0.227092,-0.350433,-0.796534,0.020525,2.279844,-1.248513,-1.997695,-0.521682,0.329470,-0.858850,-0.032686,-0.085365,0.232389,-0.073982,1.958952,-1.054746,0.112913,-1.239478,0.831110,-0.014471,-0.801729,-0.809163,1,56.535768
-0.221624,-0.470314,0.773640,0.272913,-2.076673,0.721929,-0.723492,0.678524,-0.855359,-1.138192,0.317678,-0.909005,0.046659,-0.380339,1.983611,0.727796,0.703775,-1.004868,-1.344023,0.679168,-0.782302,1.351347,-1.264981,0.048108,0.265330,1,49.715036
1.145419,-1.040924,-0.286969,-0.527758,-0.673882,-0.604390,-1.421026,-0.077089,-0.792243,-0.091279,-0.620009,-0.585727,0.199757,0.220538,1.789353,-0.136515,0.794987,-0.672408,-0.241969,0.787264,-2.273201,1.104304,0.122697,-0.368159,1.494176,1,64.008466
-1.295848,0.735938,0.009991,-0.059523,0.856387,-1.110968,0.930588,0.077892,1.334932,0.143387,0.760265,-1.479316,-1.225617,-0.515364,0.137528,-0.649188,0.702707,1.023740,-0.834206,-1.805185,0.503908,0.026227,-0.046630,0.114419,-0.932174,1,37.035179
-0.658538,1.987348,1.584840,1.329268,0.625704,-2.490981,-0.012014,-0.249285,-0.211562,-0.877963,0.772039,-0.462397,-0.651213,1.386199,-0.622391,-1.674796,-1.224570,-0.533080,0.382646,-0.671651,-1.827121,-1.358575,1.630263,-1.536299,0.635138,0,50.057966
1.905120,0.169998,1.419530,-2.478811,-0.806324,0.962412,0.495102,1.421010,0.061954,0.914543,-0.263102,0.956505,-0.899573,0.660297,-0.189843,-0.472930,0.193749,-0.880650,-0.041637,0.116789,1.638637,-1.095242,-0.978491,0.114177,-0.850577,0,74.433834
-0.217503,1.392178,-1.187425,-0.322235,-0.811306,-0.205328,-0.307605,0.720972,0.583596,0.560377,1.042142,0.648038,-0.329835,-0.592111,-1.190458,1.000169,0.820333,-0.186889,-0.589916,-0.140103,-0.747360,0.245830,1.068182,-0.927415,-0.606477,1,51.889988
2.369153,-2.517466,0.278129,-0.087692,0.110666,0.113160,-1.093890,1.001095,0.919658,0.479790,-0.746410,-0.255462,-0.145466,1.648735,0.887863,0.194234,0.210597,0.554334,0.708541,-0.697130,-0.116637,0.017490,-0.838803,-0.616329,1.226123,1,64.556979
-0.627959,0.154535,0.028254,0.126387,-0.211101,0.476127,0.122616,-0.001263,0.423226,0.334842,-0.488052,0.318890,0.148082,-1.726968,-1.368503,-0.136045,1.037762,0.839418,-0.335037,0.437457,0.464322,0.361671,1.582155,-0.696714,2.105966,0,48.950718
0.768029,-1.469326,-1.085358,2.042967,1.649906,0.089683,0.900765,0.779146,-0.069677,1.919101,0.785199,-1.033345,0.710442,0.687222,0.787263,-0.343933,-0.075187,0.084464,-0.938427,0.319571,-0.217835,0.889244,-0.944411,0.269149,-0.628820,1,64.501557
0.357602,-2.331050,1.309018,0.285312,0.695716,-0.543560,0.178322,-0.038170,1.118924,0.287710,-0.286684,-0.095505,1.093654,1.067911,0.659021,-0.409482,-1.571147,1.599342,1.962543,0.627694,0.246713,-1.767348,0.054869,1.540228,0.729954,0,41.034608
1.903709,-0.252568,-0.673770,0.936859,0.756665,0.499804,-0.396085,1.248985,1.431011,-0.621630,-1.456810,-0.513022,-1.788893,-0.254836,-0.084387,0.644024,-0.900924,-0.107922,0.491037,-1.199412,-0.657427,-0.727617,-0.899067,-1.618946,0.718467,1,70.166374
0.741778,0.058880,1.018681,0.050475,0.684031,0.336759,-1.242606,0.900404,-0.832108,1.562917,0.106185,-0.273266,0.939996,1.003927,0.730327,-0.474526,-0.136949,-0.255995,1.054960,-0.238085,0.720906,-0.303034,1.473764,-0.862997,0.532316,0,64.884680
0.130134,1.771623,0.333199,2.667034,-0.167553,-0.371959,-2.019104,1.509425,-0.260371,0.361158,-0.392415,0.346970,0.353817,-0.631046,0.744884,0.990090,1.668655,-1.193738,-0.072209,-0.240658,-2.018635,0.855567,-1.285107,1.047059,-1.327236,0,54.719877
1.747618,-0.116115,-0.492283,0.557922,-0.007715,0.187343,-0.241293,1.459551,-0.057315,-1.155171,0.103093,-2.672065,-1.094233,0.485181,0.677503,1.287096,0.740322,1.067376,-0.814930,0.535924,-0.918856,-0.028003,-1.300386,-0.096091,-0.964874,0,64.500848
-0.538157,0.009101,1.045648,0.112425,0.512074,-0.838861,-0.277318,-0.715529,0.705117,0.227055,-0.485336,-0.351840,-1.438742,-0.186039,0.313747,0.811982,-0.061000,-1.510049,0.395014,-0.203217,0.203737,-2.262926,-0.544627,0.114592,-1.605478,0,43.174375
0.600581,-0.519209,-1.277828,0.187706,1.712908,-0.804996,-1.685716,0.069703,2.142642,-1.435410,-1.599449,0.085873,-0.098055,1.281959,0.897638,-0.229803,-1.831708,-0.502356,-0.354724,0.569043,-1.722528,-1.801444,0.371217,1.101613,-0.098184,0,55.635535
-0.902202,0.535591,-0.920103,0.179211,-0.974631,1.787608,0.057471,-0.763457,-0.856552,-0.313664,-1.144988,-0.088968,-0.475578,1.047604,-1.262214,-2.032006,-0.126285,-0.106152,1.222837,2.616175,0.173842,0.224287,0.620937,0.253019,0.985310,1,39.091809
1.197221,-0.954706,-1.259982,1.313654,0.266144,0.352691,-0.017792,0.699376,0.604647,0.580606,-1.103903,-0.893801,0.477368,-1.207724,0.073668,-0.056993,-0.399103,1.934242,-0.424822,-1.653627,0.710485,0.905957,-0.295712,0.929482,0.485428,1,61.108697
0.387543,0.575691,1.587105,-0.261399,0.914787,-1.058240,-0.435573,0.654931,-0.646095,0.206207,0.441801,0.119733,-1.655408,-0.403040,-0.376749,-1.332490,1.742491,-0.053801,-0.478930,1.512705,-0.614853,-0.116170,-1.441153,-0.553813,1.140595,1,66.496712
1.525109,1.258247,0.578433,0.578145,-0.159725,-0.256495,-0.258459,-0.834106,0.827419,-0.970790,-0.213764,1.194775,0.155517,1.900891,-1.424149,-0.271115,-1.122367,-0.893544,-0.698106,0.215977,0.046185,-1.580858,1.751153,-0.354502,-1.396144,0,69.855433
-0.662324,-0.274761,-0.096545,-0.111672,1.005017,-0.809208,0.569513,-1.284525,1.055342,-2.246751,-0.120594,-0.035851,-1.424331,1.696538,0.284666,-0.131475,-0.022990,0.870737,-0.906460,0.296239,1.578030,0.806602,-0.588785,-1.050772,-0.175268,0,52.027722
0.663059,0.563751,-1.673624,1.690167,-1.878063,-0.998205,-0.084007,-0.096333,0.172580,-0.211908,-0.887444,-0.971800,0.448419,0.953305,-0.120188,0.477071,-1.096701,-0.288246,-0.600266,0.748872,1.989717,-0.640690,0.099400,-2.422271,0.142841,1,53.359365
-0.584300,-1.128116,1.186764,-2.461271,-0.322078,0.934484,-0.051243,-1.178762,1.831170,-1.173583,1.083625,-0.389087,0.068167,0.930145,-0.220376,0.881578,0.486727,-0.303337,-0.288031,0.869264,-0.953003,-1.319073,-0.235477,0.734641,1.802190,0,48.093401
-1.042607,0.881301,-0.672603,-1.020905,0.481728,-0.593912,-0.395013,-0.076527,0.415512,0.915469,-1.138110,0.363789,-1.515061,1.368500,3.178610,1.244330,1.806629,-0.578040,-1.025003,-0.574672,-0.935744,-0.496673,-0.280081,0.413832,0.300122,0,45.334761
0.023245,2.135276,-1.454658,0.311623,-0.051060,0.690559,-1.521550,1.521347,-0.882184,0.373851,-0.335582,0.539979,0.512206,-0.353852,0.094608,0.760130,0.006800,-0.446403,0.523464,-0.841239,2.699560,0.856604,0.367663,1.029742,-1.112952,0,64.317758
-0.403639,2.239413,0.111707,0.267948,-0.395206,-0.723059,-0.299644,-0.305109,-0.188535,-0.106420,-0.111059,-0.967318,0.714984,0.218802,-1.152729,-0.210022,0.290371,-0.342135,0.010008,-1.125440,-2.088769,0.094520,1.833399,0.652493,0.477657,0,52.224035
0.292550,-0.141905,-0.595315,1.733985,0.396972,-0.736366,-0.483858,1.054472,1.926496,0.959425,-0.768876,-2.220072,0.272768,-0.811158,0.212575,-0.429789,-3.206865,-0.769503,0.141678,-0.338638,0.374861,-2.050683,0.377984,-0.022136,0.881276,1,52.810041
0.614366,-1.428289,0.153581,-2.030956,0.493090,0.570858,-0.981503,-0.477733,1.119652,-1.755033,-0.206645,-0.819594,-0.121812,-0.711064,-0.853583,-1.384050,-1.088718,-0.718642,0.649284,0.832619,-0.909242,0.560345,-1.085783,0.200165,-0.889356,0,47.301032
-0.005382,-0.344540,-1.993945,-1.314197,-1.104925,-0.165067,0.655748,-0.069675,0.398537,0.528091,2.238729,-1.019446,0.931691,0.302726,2.347134,-0.591177,1.331575,1.240407,0.708881,0.415871,-0.495898,-0.301448,-0.158337,-0.859978,0.169341,0,48.049658
0.103496,0.702963,-0.212651,0.477935,-0.114297,-0.737327,-0.233614,1.275560,-0.565616,0.115146,0.773961,0.151498,-1.057770,2.506672,0.598270,-1.380443,0.609646,-1.627834,-0.004645,-0.386533,1.579417,-0.335713,1.441369,2.037014,0.045370,0,49.290858
1.146103,1.274550,0.358761,0.131717,-0.947108,-1.103895,-1.241808,0.532236,-1.342270,2.173951,0.589975,0.454348,0.312990,1.493791,1.090333,2.399920,1.495487,0.044303,-0.393487,-0.540118,0.428786,-0.113703,-0.804694,-1.193036,-0.292450,0,69.153931
0.130858,-0.193050,-0.240662,-0.408362,-1.272946,-0.161804,-1.711094,1.354131,-0.208794,-0.429742,-1.896506,1.801298,0.579413,-0.886009,-1.598513,0.387312,-0.533276,-0.276758,-0.962076,-0.444085,-1.409050,0.841979,0.620013,-0.333958,-0.652298,0,48.015260
-0.276711,-0.296260,1.411591,1.713831,-0.973869,1.205326,1.644389,-0.332408,0.175474,0.098263,1.365356,0.020205,0.800102,0.852078,0.044961,-2.000779,-0.860236,1.260253,2.395933,0.612606,0.847390,-0.979811,0.570704,-2.234974,-0.163646,1,55.467340
-1.365011,2.907651,-1.452228,-0.563498,0.887853,-0.440717,-0.618041,2.013621,-1.128501,-0.217342,1.558676,-0.091134,0.422267,-0.078491,0.461777,0.101881,-0.412453,1.588459,1.185067,-0.041768,1.097947,-1.276753,-0.287386,0.149700,1.514403,0,54.437598
-2.680042,-0.537978,-0.401973,0.171757,-0.585745,-0.859504,0.393233,-1.120127,0.378365,-1.684261,-2.336442,-0.716686,-0.311438,0.226350,-1.724276,-1.916317,-1.300408,-0.652934,1.891772,0.313383,-0.566801,-0.908857,1.309356,-0.613137,-0.327080,0,16.829396
-1.111128,-1.978405,0.887706,0.385925,-0.943520,0.348310,2.046416,-0.699896,0.475763,-0.225523,0.972236,1.327351,-1.407534,-1.257747,-0.973689,-0.386080,1.831241,-1.168910,0.186584,-0.090266,0.567463,0.252409,-1.990939,2.166501,0.672635,0,20.315414
0.379183,0.697756,-1.218096,-1.972829,-0.427775,-0.132287,-0.278020,-0.604159,-0.490755,-0.586574,-0.733826,0.113992,0.304685,0.263575,-0.718639,-1.601830,-1.508199,-0.015396,-1.238545,-1.937428,-1.181643,0.638234,-0.208756,0.476268,-0.097760,0,50.814279
0.044804,0.876942,0.158942,0.254947,-0.230600,0.385502,-0.758761,-0.323036,-0.535795,-0.715816,0.978036,1.804429,-0.293567,-0.408204,-0.062846,0.152595,-0.078842,0.318402,0.398972,0.308034,-1.299975,-0.238696,-2.689083,0.724800,0.188991,0,60.915474
-1.147043,-0.545295,0.851804,0.451519,-1.155684,-0.615598,-2.015721,-0.405201,0.456374,1.653385,0.892759,-0.258398,-0.930271,-0.432656,-0.957001,-1.735604,-0.512659,1.469336,1.854285,-0.557104,-2.396501,0.155092,0.618504,0.097959,1.438577,1,37.549162
-0.379256,0.446212,-1.224136,0.615481,-1.093118,-1.604931,-0.684186,-0.682317,0.894930,0.454075,-0.533618,-0.161333,1.423662,0.172181,-0.090189,0.503939,-1.414413,-0.133227,1.033952,-0.470191,-1.271393,1.054885,1.026037,-1.355588,0.306208,0,49.510845
1.218464,0.030953,-1.033564,-0.725770,0.883337,0.961427,-0.015312,1.839262,0.151089,-1.421232,1.860258,0.679459,-2.159508,-0.202172,-1.814590,1.214319,-0.144348,0.166837,-1.830120,0.574887,-0.707722,0.731551,0.426462,0.047234,0.451060,0,65.364751
0.542463,0.783813,0.009058,-0.934962,-0.807810,0.528443,-1.382641,-0.628349,-0.011569,-0.532269,0.114980,-0.877742,0.443052,-0.480034,-1.060422,-1.908453,0.725086,0.901325,1.128529,0.722035,-1.479513,0.056762,0.136334,-0.000268,1.388611,0,53.463507
-1.671740,-0.567427,0.523128,-0.086348,-1.491454,2.201561,-1.050373,0.913289,-0.366152,-0.809339,-0.597474,2.046238,1.313479,1.498534,1.925439,-1.265012,-1.237678,0.222325,-1.572719,-0.700424,0.553941,0.609688,-0.045614,0.312743,-1.776615,1,29.047352
-0.356797,-0.656358,1.425328,1.344669,0.647630,-0.629674,-0.896152,-0.413756,-0.247363,0.371042,-0.874934,-1.267061,1.514555,-0.872949,0.301173,-0.353983,1.012449,-0.935973,-0.399824,1.093882,-0.200909,-0.093212,1.167113,1.184554,0.653940,1,56.924597
-1.781137,0.892946,1.374009,-0.723128,-0.210551,-0.301300,-0.722775,-2.252699,1.136509,-1.074758,1.336998,-0.064235,2.420683,-0.142426,1.018871,-0.839012,1.244797,0.511731,-0.226087,-1.676549,-1.057122,-1.485018,0.427065,-0.880048,-0.864487,0,44.571306
-1.719269,-0.428179,0.434912,-0.956963,1.011051,-0.200965,1.067339,0.822252,-0.051282,0.175434,-0.129692,-1.723123,-0.316260,1.418679,0.902515,0.588781,0.665880,-1.072878,-0.431905,-0.614964,0.810020,1.636314,-1.188853,-0.718033,-0.972295,0,36.104115
1.298197,0.101456,0.401638,-1.917432,2.659957,-1.413547,0.077620,-0.549569,-0.215977,1.248233,1.056165,-0.470544,1.079228,1.206090,-1.023540,1.962325,0.783763,-1.340739,-1.456387,0.024811,-1.359032,-0.899006,0.580695,-0.865034,-1.162063,1,80.875410
-0.933234,-1.169944,-0.187791,1.230918,0.664935,-0.360040,1.125231,-0.215981,1.923561,-0.117375,-0.896711,1.002397,1.038763,1.217022,0.555252,0.624946,1.114282,0.992350,-0.245625,-0.786316,-1.291974,-1.698769,0.092507,-0.776548,0.679275,0,26.533289
0.430152,-0.702705,-1.752239,0.958221,0.096790,-0.307205,-2.768645,0.580508,-0.951837,-0.811196,-0.654775,0.812841,-0.647877,-1.994525,-0.437640,-0.182675,-1.271733,0.096937,-1.312924,-0.573789,0.215000,0.383856,-0.230604,1.013121,-0.229281,0,41.347312
0.322843,-0.142955,-0.410581,-0.450913,0.219973,-0.817320,-1.054165,-1.282231,-0.632391,0.700295,-0.498655,1.387149,1.795118,-0.938915,-1.347620,0.029012,-0.904897,-0.795290,-1.021181,0.860359,-1.260202,-0.316498,-1.492924,-0.718420,1.864851,0,54.514740
0.406024,1.428919,-0.723508,0.633707,-1.127726,-1.539239,0.523208,-0.248282,-0.286409,-2.052329,-0.406560,0.714477,-1.400225,-0.636463,-0.052100,-0.573063,-0.245180,0.463848,0.398058,0.155381,-0.156602,-2.350350,0.884212,-0.873129,-1.174536,0,51.573955
0.776938,1.791291,1.035302,1.401883,-0.203181,0.924538,-0.187426,0.186768,-0.545343,-1.154726,-1.708342,-1.916565,0.352919,0.645468,-0.165867,0.800723,-0.882289,0.505487,1.334106,0.841306,-0.049409,-0.746256,-0.988344,0.389178,0.559721,0,63.794921
0.853465,-0.322138,0.688555,-0.292471,0.125380,-1.726606,-0.470764,1.076187,1.427190,1.150411,2.036332,0.134372,-0.736981,-0.163663,0.064635,0.280631,0.663098,-1.016933,0.214294,-0.761380,0.201846,0.019400,-0.566260,0.533121,0.080599,1,56.353814
0.871675,0.696465,-0.155426,1.090778,-2.814008,0.700408,-1.933838,0.291662,0.086467,-1.572733,-0.669365,0.778075,1.088134,0.091933,-0.216383,0.698934,0.485560,-0.009477,-0.840265,-0.538760,-0.762551,-1.498030,1.630198,0.951936,-1.236824,1,66.761057
-1.500680,0.214616,-0.487433,-0.871538,0.562051,-0.457896,-0.886094,-1.039371,1.214326,-0.106322,-0.451320,-2.206471,-0.791463,-0.696353,-0.033587,0.488357,-0.294778,-0.398659,1.031370,0.164822,0.511615,-0.357943,1.581166,-1.347122,-0.129007,0,42.226143
-0.700589,-0.618687,-1.599638,-0.451681,-0.959332,0.743463,-0.383889,1.487682,1.472974,-1.675516,-0.333065,2.188991,1.001276,-0.212844,1.308995,-0.120467,-0.609405,-0.180348,0.152593,0.044914,0.319087,-0.504241,0.633590,-0.043449,1.075787,1,34.886953
-1.382083,-0.610411,0.021962,-1.639041,-0.292430,-1.044974,-0.989386,0.714851,-0.079074,0.237087,-0.388200,-0.101925,-0.758939,-0.392268,-0.598848,-0.779163,2.180695,-1.157668,0.573145,0.037416,0.194854,1.339953,-0.306812,-1.077959,-0.684121,0,27.109823
-0.083002,-0.796871,-0.708940,0.959090,-0.920035,2.953326,-0.105382,0.966027,1.014558,1.750709,-1.113950,0.664290,0.340265,0.430590,-0.061140,0.315952,0.330487,0.296656,-0.959674,-0.796433,-0.155454,0.575164,0.054583,-0.778668,0.825445,0,48.099387
0.398173,0.679318,0.595523,0.884627,0.249076,0.893621,0.408765,-0.076791,1.434890,0.006136,-0.158734,-0.975289,-0.297371,-0.038172,-0.116130,-0.053592,-0.544255,1.262396,-0.909766,-0.085818,1.685930,-0.523855,-0.875558,-0.341181,-0.349061,1,61.219063
-0.259379,-0.529783,-1.327313,-1.465821,1.361306,-0.808396,-0.589137,-0.109295,-1.033997,-0.222026,-1.470028,1.389650,-1.070270,-1.174276,-0.893616,0.880548,-1.216036,0.854633,-0.960898,0.522801,-1.409362,-0.355249,0.058196,0.920442,-1.415408,1,49.363138
0.503698,0.307107,-0.177138,-0.929214,1.087009,-0.005788,-1.067538,0.496868,-0.166503,-2.040985,-0.017107,0.884077,-0.299109,-2.523153,-0.828335,-1.102764,-0.782617,0.686993,-0.474186,1.260940,0.413526,-0.820489,-0.223261,1.157101,-0.780014,0,54.149504
-1.013431,-3.004386,1.582031,1.082892,-0.086935,0.114488,-0.129336,-0.443949,-1.083527,-1.253421,-1.955459,-0.137076,0.066834,0.953669,0.019387,-0.760446,0.267500,0.224789,-0.557935,0.266371,0.181934,0.104884,0.606296,1.298464,-1.229595,0,25.785535
-0.744452,1.161582,-2.485814,1.567345,-1.138785,-1.137572,-1.724534,-1.729999,0.256748,0.343581,-0.324126,0.583037,-0.404146,-1.727373,-0.330137,-0.088986,2.162618,-0.331820,0.005215,1.236863,-0.179332,-0.824822,1.469888,0.045963,1.036871,0,45.158682
0.797492,0.365363,-0.309576,-0.112097,0.161210,0.686597,0.053842,0.123898,-0.270747,0.517655,0.039245,0.040790,-0.680501,2.217313,-1.285363,0.761824,-1.007226,-0.517582,-0.309258,-0.674937,-2.057699,0.540265,-0.342419,1.074354,0.255077,1,68.586501
0.970529,-0.777697,-1.357348,0.153614,0.309136,-0.838376,-0.689891,-1.245610,-0.744181,0.245728,-0.180568,0.581326,-0.167939,-0.526342,-0.706951,-1.519970,0.763453,0.252947,0.687673,1.691782,1.671182,-1.706102,0.698671,0.795917,-0.502552,0,51.021173
0.012610,1.491119,-1.173706,-0.154937,0.934010,-0.487249,0.540027,0.411039,1.031884,0.089559,-0.637130,2.012044,0.479424,-1.256514,0.285947,0.455163,0.426192,-0.531089,-1.681555,0.922184,-0.552110,-0.859088,-0.164465,1.107118,-2.687608,1,55.728738
0.261069,0.756196,-0.669760,0.331383,0.066300,1.690564,0.371891,-0.134744,1.405863,-0.816492,0.889424,0.529752,0.120041,1.070940,0.829334,-0.236778,0.471509,0.390939,0.343254,0.246781,1.714929,-0.602696,-0.453419,1.033629,-0.246856,1,56.477865
0.148018,0.823853,-0.006772,-0.441032,-0.396935,1.488165,-0.507219,-1.768306,1.094393,-0.022502,0.556191,2.152340,-0.941402,0.570445,-1.313748,-1.827923,1.699175,-1.354135,0.871309,0.424137,0.740108,0.216178,-0.077692,-2.222789,-0.192752,0,61.417003
-0.232620,-0.704780,-0.038581,0.080114,0.482213,0.046447,0.679738,0.178081,1.955467,0.185616,-0.280958,-0.592204,-0.152893,-0.861625,1.775700,0.067274,-0.716625,0.384506,-0.919219,-0.232134,1.529224,0.160197,-1.494988,-1.214427,-0.441668,0,34.904797
0.368133,0.039648,1.029455,0.286546,-0.144661,-1.842800,-0.571420,-1.728341,-1.317218,-0.074557,-0.108641,0.915843,0.001206,0.099112,-0.355643,-1.234863,-3.252279,-1.302397,0.843765,-0.475879,-0.758307,-1.102952,-2.201704,0.728317,0.279615,0,54.040465
0.228105,0.847320,-0.984728,-1.028597,-0.104316,-0.741347,-0.006771,0.974274,0.284181,-0.074199,0.258946,0.860992,-0.984959,0.007383,-2.069814,0.889930,-0.893483,1.837523,0.267359,-1.359920,-1.907438,-0.800259,0.159787,0.819303,-0.702405,0,62.545043
1.932595,-0.419922,-0.044762,-0.308297,-0.154058,1.241413,-0.043334,-1.243039,-0.935988,0.031664,0.172434,-0.162587,0.891291,0.443160,0.216655,0.113764,-0.459358,-0.213273,-0.904179,0.266850,2.101759,0.985280,0.867085,-0.759668,-1.467171,0,59.901369
-0.001597,-0.386888,0.349465,0.465238,-1.747825,-0.479414,-0.087813,-0.205694,1.390147,-1.532616,0.889890,1.878649,-0.873705,-1.522489,-0.748041,-1.140551,0.159713,0.718595,0.779193,0.573973,0.630979,-1.312799,0.243193,0.084170,-0.731491,0,47.451117
0.554053,0.462295,1.515931,-1.861628,0.691943,-0.455428,0.093854,-0.999657,-0.276053,0.921851,2.346732,-1.513306,0.124498,0.849153,0.154539,-0.981686,-0.015216,-0.843681,-0.220215,1.507638,1.176942,-0.794340,-0.374481,-0.480380,1.000801,1,70.172717
2.515251,-0.877020,0.521992,0.564286,-0.366869,1.621297,-0.336264,1.191973,-1.698318,-0.997923,-1.236912,1.089096,-1.164580,-0.460525,0.592912,0.222144,0.906008,1.133035,-0.116011,-0.174381,-1.084623,0.435258,1.217997,1.381154,-0.789291,0,72.614968
-0.724919,0.249253,-0.075461,-1.132860,2.525380,0.737166,0.441203,-1.318330,1.110820,1.100441,-1.404968,2.530156,-0.265716,0.370224,1.901622,0.131193,-0.513812,0.107536,0.470993,0.175064,0.169779,-0.402086,-1.143513,-0.792797,-1.061196,0,56.585749
-0.422858,-2.267301,0.472610,-1.043443,0.299359,-0.179208,-0.037086,-0.249793,-2.013494,-0.416232,2.290571,-0.306640,-0.173182,0.417839,-0.580595,0.055501,0.429246,-1.027296,0.012368,0.896057,-0.011023,0.005557,-0.962142,-0.320908,1.400211,0,37.982697
-0.691346,1.131283,0.178617,-0.493687,0.187418,0.751958,-0.070691,-0.656585,-0.498354,1.353145,-2.383358,-0.733732,-0.166072,-2.679849,-1.946460,-1.431111,0.294496,-1.819783,1.026191,1.855638,1.552038,0.410520,-1.434914,-0.132041,0.080749,1,56.595893
-1.073702,0.560376,-0.755234,-0.293018,1.090270,-0.622163,0.459184,-0.536293,-2.247963,-0.597392,-0.171512,-0.449220,0.060464,-1.758181,1.848886,-0.162559,-0.121213,-0.980178,-1.068284,-0.771778,-0.024474,1.768777,-0.198200,-0.334134,0.793523,0,47.101257
-0.604563,-1.811200,2.354875,-0.485339,-0.248266,-0.716324,1.598944,0.353373,-0.181078,0.113780,0.061767,-0.543376,-0.389268,-0.148732,-0.143682,1.383251,0.620653,0.496753,-0.139530,0.460758,-1.118904,0.431709,-0.630661,-1.642496,0.324667,0,33.863696
1.025673,0.135372,-1.381789,0.858828,-0.114070,0.036344,-1.743313,-0.128593,-0.185700,-0.171962,0.336566,-0.073998,-1.950856,-0.259267,-0.214296,0.858223,0.020379,0.373606,0.789620,-1.257384,-0.830186,-0.214262,0.075030,-0.082535,-0.986242,1,62.494558
-0.409702,-2.058552,0.913340,0.480347,-0.115385,-2.368455,0.108097,0.177264,-0.314146,1.769004,0.209041,-0.300736,-0.485772,0.214923,-0.262345,0.147361,-0.367298,-1.228728,1.010296,2.652449,1.294420,0.708568,1.579258,0.419467,-0.930116,0,33.866772
0.792020,0.026996,-1.333622,0.630790,0.483732,-0.329148,0.459923,-0.018148,0.774151,-1.247764,-0.073642,1.546931,-0.105848,1.564623,-0.037369,-0.529387,1.719527,0.537404,-1.216283,1.305683,-0.288757,0.116730,-0.770451,0.266185,-1.147581,0,53.741077
-0.075132,0.930356,-0.548647,-0.793562,1.093234,0.726256,-0.694970,-0.528034,0.559484,-0.891140,0.449484,0.277991,-0.977229,0.160095,0.126006,1.805568,1.308750,-1.077347,0.650708,-0.823864,1.917926,-0.611510,-0.427999,0.896695,-1.082895,1,64.389022
-1.039147,-0.628662,-0.716300,0.619032,0.966288,1.558445,-0.740930,-2.197922,1.383842,1.189678,1.667309,-0.021043,0.047769,0.633711,1.014892,-0.323015,-0.438591,0.486122,-1.689834,-0.692430,2.233376,-0.657346,0.042036,0.949098,0.588809,0,45.802391
0.392826,0.900199,0.516481,-0.222386,-0.405639,0.124436,0.600043,1.577626,0.530129,0.069749,0.134662,0.931786,-1.512964,-0.244558,0.514305,-1.063049,0.161446,-0.802495,-2.711988,0.167255,1.640261,-0.056101,1.264662,-0.359823,-0.888757,1,65.587476
1.568281,-0.320000,1.130277,-0.384842,-1.453814,-0.086844,0.155535,-1.107663,0.094662,0.677391,0.571990,1.745425,-0.574863,0.060414,-1.796482,-0.346500,0.149989,-2.114218,-0.348071,0.181154,0.504337,0.135941,0.224147,1.243526,-0.377879,0,58.479164
0.230593,-0.545315,-0.531694,-1.811453,-2.682737,1.141971,-1.843347,0.060221,0.894825,0.286754,-1.265009,-0.423170,-0.187384,-0.649644,-0.256849,-1.995584,-1.185302,0.693267,-0.970139,0.020796,-1.807102,-0.103900,-1.202490,1.132170,0.357354,1,60.410188
-0.214550,0.376118,-0.484369,0.510201,0.366804,1.629492,-1.111077,0.360017,0.470764,0.776215,-0.915892,-1.109889,-1.470979,-0.832546,-0.101951,-1.000649,-0.460666,-0.384522,2.637251,0.602749,1.171405,-0.907612,1.336496,-0.279972,0.294233,0,60.108635
0.079988,-0.843503,0.151175,-0.354717,-2.656243,0.843924,-0.554324,-0.455402,0.434274,-1.205954,-0.201211,-2.289013,-0.377407,1.255399,1.207811,-0.219448,0.912410,1.033122,0.795723,0.011526,-0.450433,-2.390207,1.691708,-0.690572,-0.711125,0,38.088715
1.153788,0.067768,0.462514,-0.110062,-0.420623,-1.474137,-0.033490,0.081462,-0.123518,0.509877,0.012639,0.284648,0.113327,-0.924105,0.221563,-0.395097,-0.891933,0.277271,-1.112275,1.319007,-1.240276,-1.738317,0.474635,-0.701785,2.467628,0,57.261431
-1.743498,1.317072,1.955969,-0.823029,-0.635947,1.720823,0.126781,-0.757388,-0.372452,-1.002626,-0.574516,0.158893,1.933098,0.905272,-1.220044,-1.620412,1.338913,1.475933,-0.172802,-0.592895,-0.577060,0.915995,1.305249,0.516214,-0.990335,0,41.158609
0.412408,0.146955,-0.359591,0.889944,-1.846036,-0.207524,-0.549591,1.297523,-0.184315,0.751548,1.336769,0.375909,0.219296,-0.093388,0.148856,-0.241235,-0.634145,1.124846,0.769589,0.297201,-1.892906,0.287794,1.208392,0.404317,0.521198,1,54.292943
-0.830317,0.681964,0.312607,0.344638,-0.150227,0.172298,0.306589,0.178116,-1.328873,-2.041162,-0.357086,-0.689804,-0.588025,0.219218,0.499993,-2.092318,0.998013,0.248294,0.240194,1.558822,1.207506,-1.717421,0.454255,-1.563612,-0.424677,0,46.392912
1.702473,-1.330153,0.745472,-0.047951,1.356492,1.311497,-2.601906,-0.959410,0.276652,-0.406254,-0.869808,-1.577228,-0.470401,0.870426,0.893639,0.603589,0.760123,-0.503054,1.333161,-0.865297,-0.393820,-0.078935,-0.839626,-1.252359,0.751847,0,78.400831
-0.255485,0.190133,0.305990,-0.561154,0.916339,-1.861053,1.067800,0.789312,-1.315197,0.197440,-0.321628,0.189730,-0.798772,-0.131444,-0.542533,1.615017,-1.464402,0.186003,-0.017649,0.812538,1.197696,3.530102,0.026101,-1.362661,1.724962,0,43.245134
-0.733511,0.210211,-0.801357,0.168587,-0.376263,0.249638,0.078370,1.007557,0.218283,0.162708,1.160763,1.180477,-1.600780,0.634464,0.582911,0.609307,0.421792,-0.360756,-0.596435,-0.851431,-0.459808,0.695844,-0.823471,-0.603412,0.703900,0,48.773760
-1.251034,-0.900326,0.790683,0.361900,0.023349,2.244718,1.068860,-1.236567,0.016645,-0.552686,0.720274,-0.836815,0.383162,-0.162464,0.204098,-0.720649,-2.221402,1.387456,0.093034,0.271509,1.805757,-0.246196,-1.515506,-0.707340,0.534653,0,47.157053
-1.581660,1.496217,0.242207,-0.501885,-0.832786,-0.510017,-0.116836,-0.365838,1.565640,1.016493,-0.015105,0.845995,0.570974,0.433393,-0.395712,1.230711,-1.437849,-0.963509,0.759751,-0.630150,1.681293,1.262261,-0.342991,-0.706383,1.957713,1,41.932845
0.624399,1.015399,1.864121,0.356257,-1.837951,-0.111519,-0.471504,-1.329592,-0.119058,-0.493719,-0.326799,-0.746204,-0.374311,-1.252843,-1.998852,-0.322791,1.647703,0.045747,-0.833940,0.270425,-0.249459,-1.114294,-2.103252,-0.478786,1.033060,0,50.558544
1.781951,-1.255151,-0.927981,-1.363364,-0.064452,-0.949132,-2.484697,-0.339204,0.382829,-0.205428,-0.450739,0.017897,-0.879203,-0.682662,1.672865,2.190972,-2.387934,-0.940284,0.916605,1.115882,1.083124,-0.175414,0.957244,0.133655,2.077416,1,64.820792
0.410614,1.348185,-0.635570,-0.195308,-0.357877,1.094914,-0.716427,-1.205973,0.632976,-2.451383,-0.012068,0.349473,-0.671337,0.920927,0.246896,0.467103,0.184863,-0.561089,-0.184492,-0.854867,-0.651566,0.683595,-0.194291,-0.443870,0.182456,0,61.406217
-1.459349,-1.089571,1.523601,0.403852,2.587654,1.514245,0.820995,0.166286,0.665315,1.199948,-1.881876,-0.256938,0.003949,0.734119,1.003972,-0.756469,-1.588796,2.211420,0.438379,1.443016,0.881904,-0.275662,-0.281253,-1.919718,-0.591832,0,38.135259
-1.299054,0.724633,-0.295635,1.535511,0.540673,0.320162,-0.843997,-0.022937,-1.104341,-0.136799,1.544558,0.186055,0.109446,0.123302,-1.013598,-0.259283,0.231307,-0.320540,0.075492,-0.651097,0.473680,-0.718348,1.401553,1.582318,0.721250,0,42.466889
-0.211689,0.028495,0.742634,0.645685,0.118074,3.040281,1.117052,0.235794,-0.580025,0.712338,-0.390174,1.334123,0.601566,-0.189061,-0.917509,0.657394,2.373934,1.532088,1.010846,0.283094,0.828611,-1.555482,-0.481417,1.085876,-1.012560,0,47.387861
-1.194798,-1.402093,0.605127,0.021872,-0.610074,-0.274866,0.356667,0.894432,0.856394,0.987503,0.995819,0.597695,-0.515830,-0.783228,0.283053,0.211102,0.842582,-1.465363,0.317417,1.615881,0.280831,-1.143353,0.823246,-1.611947,1.956782,1,40.214736
0.886982,-0.127405,-0.396205,-0.491215,1.154994,1.640871,-0.521339,0.748165,-1.260722,-0.253711,-0.373407,0.434348,-0.673332,-0.172054,-0.924180,-0.423516,-0.454362,1.171046,0.038419,-1.125775,1.792923,-1.205828,-1.684946,-0.701033,-0.840972,1,76.216606
-0.070672,-0.932860,-1.177689,0.355710,0.626086,-0.090275,-1.201422,0.446878,-0.566503,0.054945,-0.059335,0.943443,-1.060399,-0.400987,0.802513,-0.765850,0.428407,-0.141234,2.108517,0.381584,0.080786,2.564701,-0.017233,-0.328381,2.049030,0,46.920445
0.701556,0.178727,-0.272216,-0.516542,-0.513259,0.168939,0.191364,0.214111,-2.847416,0.883944,-0.977208,0.669491,-0.253243,0.332155,-0.749781,-0.898685,0.220508,-0.327094,-0.913579,-1.417104,-0.527423,0.122990,0.309258,0.848740,2.202553,1,64.885274
-0.223304,0.262816,-0.210786,-0.950341,0.045400,1.614042,0.548090,-1.099175,-0.907782,-1.848121,-1.084570,-0.053223,0.774303,0.240964,0.536109,0.241354,0.561722,0.364432,-0.824914,0.408160,-0.573542,-0.398124,-0.665982,-0.228240,-1.061207,0,53.273790
0.522152,-0.129889,1.102320,1.252819,0.391094,0.804790,0.122390,1.450134,-0.698542,-0.280844,0.370421,-2.022345,-0.603294,0.484628,0.068720,0.137214,0.739434,1.413228,-0.674319,0.349159,-0.419576,-0.720406,0.948087,1.384884,0.277202,0,59.739075
0.784038,-1.105075,0.452770,0.545123,-1.963503,0.504410,-1.188705,0.223728,-0.646113,-0.020967,0.267982,-1.352029,-1.502998,1.475861,-1.125649,-0.979108,-2.142395,-1.024228,-1.343937,-0.535963,0.190928,0.747718,-0.403144,-1.096866,-0.086497,0,44.035355
1.179139,0.380009,0.607208,-2.135505,-0.967111,-1.342533,-0.722576,1.270830,-0.953920,-0.422128,-0.418472,-1.663280,-1.741872,-2.409374,0.087101,-1.672657,-0.124940,0.005522,0.068096,-1.056843,0.651114,0.224859,0.957208,-1.060891,1.550482,1,74.478688
0.183430,2.512488,-1.442707,0.222508,-2.229622,1.294479,-1.299735,1.694767,-0.243327,-0.053774,-0.356693,-0.292340,0.069109,0.198654,-0.175595,0.101586,-0.887790,1.660714,0.051783,1.592594,-1.126905,-0.948162,0.286621,-1.424236,-1.463730,0,65.504442
1.204313,-1.187729,0.080509,-0.437564,-0.178918,-0.458361,1.737799,1.004676,-0.059178,-0.015138,-0.010910,-0.779267,0.050966,-0.277501,0.195293,-0.728584,1.807164,0.068163,-1.285839,-1.997985,-0.628267,-0.586232,0.731686,0.882357,1.609958,0,63.671324
-0.179023,0.265669,-0.630534,-0.075323,-0.002144,1.316924,-0.546658,-1.164014,-1.700772,-0.494228,0.196577,1.039680,0.121151,0.982991,0.600590,-1.523361,1.151893,1.540850,0.294666,-0.083369,0.474107,0.661104,-1.082992,1.889754,0.000374,1,58.267721
0.116291,0.208208,-0.236107,-2.496856,-1.726901,0.317527,-0.390734,1.031814,-1.863674,0.754057,-0.097478,2.601793,-0.168320,-1.099663,-0.380295,0.258561,-0.123051,0.384390,0.563600,0.429678,-1.141145,2.047528,-0.350800,-0.983259,0.291827,1,56.400364
0.859177,-0.721092,0.884868,-1.726250,-0.608270,0.415068,-0.868863,1.089116,0.685763,0.933999,2.163312,2.249140,-1.271897,-0.250786,-2.192087,-1.478962,-0.627660,2.465919,-0.727683,1.618011,-0.102659,-2.155328,-0.156852,1.040425,-0.556002,0,56.907013
-0.898423,0.275384,-0.100571,-0.481865,0.443523,-0.552304,0.390806,-0.290744,-0.212542,0.803419,-0.276941,1.067454,-0.343240,-1.580391,0.608570,-0.501908,1.626750,-1.458185,0.051181,-0.001908,0.203858,-1.836306,-0.913859,-0.404053,1.616084,0,37.099990
0.439128,0.512937,-1.093238,-0.404059,-0.305078,0.170060,1.410731,0.194406,0.580465,0.662682,0.292355,-1.208312,-0.079680,0.926710,-0.305560,-0.952675,0.656259,-0.664964,-0.508959,-0.323866,1.018887,-1.960879,-0.031684,-0.457036,-0.286990,1,69.782004
-1.390396,0.084052,-1.251671,1.413464,0.747823,-1.757026,-0.141702,-1.350115,-1.070479,0.034809,1.310652,0.483123,0.319926,0.186880,-0.200966,0.094272,2.681399,-1.746162,0.718153,0.597456,-1.050654,-0.358535,1.304696,-0.538601,-1.606486,0,38.947907
2.587115,-0.683576,1.601947,0.525708,-1.615879,-1.329117,1.086941,1.117202,-0.620501,-0.269270,1.711528,-0.341501,-0.556040,-0.717705,0.266742,-1.067011,2.288256,-0.460732,1.001167,1.640095,0.147596,-0.698571,0.096404,-0.171820,-0.969089,0,53.986795
-0.127533,0.589168,0.007987,-0.865615,-0.646296,0.524300,-0.824848,-1.717290,1.075288,0.207695,0.447348,-0.695164,-1.135633,-0.691392,0.736565,0.210467,1.736871,0.929063,0.355298,1.090703,-1.837414,-1.443003,0.055768,1.294693,1.457966,1,56.322039
-0.769881,0.478937,-0.244554,-1.067278,-1.809172,0.102731,1.198270,0.471523,1.520353,1.825831,-0.268887,-0.842420,0.705775,-0.564319,0.628786,0.073511,-0.284032,-0.651464,-1.225286,-0.140760,2.142776,-1.193425,0.960769,0.358435,-1.603980,1,34.014573
1.789287,-3.004365,1.847105,1.867546,1.332717,-1.392895,1.784739,-0.203814,-0.420454,0.957783,-1.082028,0.622532,-0.561615,-0.105611,-1.469485,0.030434,0.131574,-0.610297,0.406977,1.849193,0.429704,1.294318,1.786067,-0.753788,-0.981679,0,63.007040
0.864663,2.737594,0.304423,0.915158,1.502932,0.830489,-0.844386,0.302645,2.208869,-0.114747,0.560264,0.875392,-0.097586,0.356370,-1.465335,-0.091303,0.333323,0.668295,-0.390784,0.229151,-0.373680,0.850113,-0.102071,0.380087,-0.519399,1,85.510590
0.882511,0.023808,1.903914,-0.188545,0.695358,0.508005,0.848554,-0.742453,0.914476,-1.233127,-0.289307,1.129425,-1.058961,-0.430707,-0.409213,-0.819864,0.230907,-0.250872,-0.180001,1.216339,0.091472,-0.579424,1.856607,-0.114452,-1.409478,0,61.741543
-0.934293,1.718868,0.721310,-0.015973,0.198342,-0.063760,-1.397446,-0.843527,-2.305420,-0.932089,-0.572107,0.587956,-0.587029,-0.447285,-1.690562,0.846030,0.533962,2.181285,-0.583745,0.686291,-0.128648,-0.262879,-0.787604,-0.510841,0.076169,1,55.801898
-0.626904,0.246416,0.938685,0.858139,1.303824,0.255360,-0.065392,-0.156523,-0.485250,-0.349076,-1.893132,0.148516,1.144220,0.256523,-0.907354,-0.148608,0.177803,-0.737937,-0.160902,-0.830858,-1.178660,-0.102512,0.841677,-0.001281,0.756322,0,46.913387
2.088438,0.028452,-1.301755,0.207946,-0.783071,0.368430,-1.065829,-1.131425,-0.714294,2.286166,0.211191,-1.072788,-0.835361,-0.644326,-0.393991,-0.118928,-1.240293,-0.281673,-0.295797,-1.676030,-0.754501,-0.946445,2.006551,0.091693,0.341209,0,74.849670
0.141906,-0.340328,0.147410,-0.888699,0.816529,-0.134051,-0.325511,-2.112331,0.755995,0.715439,1.376584,0.407090,0.520893,1.309492,-0.836196,-0.111059,0.284646,-0.493296,1.511948,-0.463181,-2.115071,0.794873,-0.982290,0.999622,1.745785,0,58.550463
0.825062,0.018695,-0.131490,-0.120813,-2.227734,0.262101,0.266495,-1.279320,1.270523,0.509196,1.680227,1.938867,-0.132686,-0.825052,0.310678,-0.200531,1.368108,0.087233,-0.353541,0.673398,-2.462949,0.752949,0.740719,-0.840170,-0.727542,0,47.590473
-0.409370,0.019221,1.160389,-1.310134,-0.083819,-0.257357,0.501926,-0.350961,-0.123784,0.500688,-0.707976,0.606909,-0.392993,0.067171,0.118354,0.904645,0.430631,0.510488,-0.115448,1.023960,-0.112533,-0.623747,0.748606,-0.118634,-0.445314,0,43.229965
-0.770146,-1.132414,0.941228,-0.765338,-0.419620,1.465518,-1.886035,0.953583,0.349157,-0.098376,0.916466,-1.044514,0.481571,-0.808291,-1.028517,-1.823458,-1.137881,-0.809833,-0.215392,-0.274754,-0.112185,0.095695,0.442948,0.321907,1.420787,0,43.096979
0.678998,0.946409,0.333401,1.524868,-0.303441,0.345616,0.113881,-1.734507,0.048219,-0.011184,-0.945763,1.421399,1.181191,-2.061524,0.547499,-1.997350,-0.364731,-0.168064,0.444491,0.000972,0.173062,-1.521214,0.773906,0.793527,0.601063,1,62.247138
-2.279847,0.512645,-0.474997,-0.836343,-0.240355,-1.246276,-0.102926,0.584986,-0.354397,-0.623360,-0.213993,1.089799,0.586398,-0.251955,1.220361,0.812445,0.511321,-2.031499,-0.693592,-0.518750,-0.897035,-0.003921,0.488433,-0.089777,-0.481967,0,19.268042
-0.637233,-0.769466,-1.134978,-1.442311,-2.052865,-0.659984,0.701637,0.563164,-0.268326,-0.924911,0.826078,-1.145823,-0.286964,0.656090,0.043013,0.197436,1.183626,1.577425,-0.665525,-0.338313,-1.607649,-0.241792,-1.482246,-0.275794,-0.069406,1,36.074888
-0.080131,-2.063020,1.007870,1.620225,-1.238714,-0.697121,-1.433855,0.111776,-0.724167,0.788771,0.691106,1.977649,-0.714918,0.342897,-0.245496,-1.019392,-0.555774,0.108061,0.708568,0.119300,0.403273,0.918184,0.059260,-0.404922,0.226294,0,30.722576
1.747768,-0.744301,0.154976,-0.459224,0.855458,-0.358491,1.120824,0.286503,0.375126,0.947553,0.060207,0.024861,-0.520374,-0.971191,-1.119322,0.064399,-0.117637,0.391827,-0.805663,0.657686,1.289087,-0.124818,0.069119,-0.803455,1.254237,0,75.706780
-0.559161,0.442941,1.919986,0.745744,1.787185,-1.397490,-1.205500,0.621476,-1.710973,0.630234,1.560969,-0.668848,-0.352462,1.364640,-1.614494,-1.282138,1.904184,-1.006712,-0.304967,0.762156,1.279937,0.196982,-0.528753,1.570218,1.070463,0,43.355353
1.518693,1.415037,-0.803565,-2.646086,0.819626,0.286586,0.446473,0.258566,0.545739,-0.372748,-0.569801,-1.487301,0.264892,-0.849300,-0.013625,-0.420919,1.362935,-1.502294,0.404486,-0.684620,1.465326,1.164845,-0.406126,-0.690135,0.334025,1,86.530452
-1.857660,0.051800,0.653520,-1.380977,-1.659546,1.007141,-1.344257,0.320576,-1.609761,0.275456,-1.026559,-1.504856,-0.369448,-1.407122,-0.471908,0.200026,0.067573,1.168604,2.281217,-0.032030,0.141530,1.048437,0.141537,-0.070265,1.084376,0,27.444283
1.140567,-0.161415,0.622536,0.692548,1.013456,0.418073,1.705371,1.148194,1.217544,-0.000894,1.237180,-1.086482,1.092782,0.911544,-0.304821,0.667766,-2.100514,-0.486990,-1.063288,0.330238,0.214422,-0.386147,-2.214097,0.880572,-1.109877,0,69.269938
-0.260555,2.356571,-0.617160,0.457879,-0.592895,0.169854,-1.859097,-0.413171,-0.218706,0.731445,-0.608855,1.208880,-1.005941,1.312488,-1.312938,0.454335,0.311076,0.804097,-0.185751,0.055104,-1.008525,2.195808,-2.261939,-0.687978,0.318660,0,56.607334
1.512447,-0.339448,-0.651322,-0.480551,1.442181,0.130044,-0.408037,0.424787,-0.672652,0.201760,1.035929,0.460000,1.326560,-0.120040,0.182995,0.616905,-0.005494,0.765679,0.773495,-0.204617,-1.013886,-0.025858,0.196664,-0.326320,2.078412,0,70.930416
0.433006,0.493718,0.683671,-1.957724,-0.288027,-1.177321,-0.237642,-1.480066,-0.009201,0.054557,0.906039,1.253998,-0.800744,-1.178056,0.898106,0.071683,1.303718,0.358032,0.159620,-1.004097,0.587591,-1.080948,0.451234,1.720793,0.590034,0,47.855633
-1.969263,0.795866,-0.331454,0.324721,-0.008909,-1.966110,-1.710377,-1.125484,0.172051,-3.240179,-0.358477,-0.274365,-0.646424,0.016239,-0.331678,2.453080,0.763602,1.640681,-0.653532,0.779226,1.330662,0.725693,0.673780,-0.702842,-0.770653,0,33.718721
0.224441,-2.011598,-0.195841,0.504169,1.563668,-1.088472,0.352205,1.314692,-0.509439,-0.624777,1.457617,0.149149,-1.973688,-1.185192,0.499946,-0.034115,0.307724,-0.110352,1.114084,0.512953,-1.895565,-0.589947,0.369546,0.668665,0.786563,0,39.880451
0.987640,-0.016290,3.291224,-0.797791,-1.200283,-0.036655,0.133999,-0.494415,-1.491009,-0.860807,-1.769662,-0.379503,0.934624,-0.677746,-0.061783,-1.237709,0.458363,-2.835246,0.742364,1.778845,0.592480,-0.288019,-0.162349,-1.230102,-1.181702,1,63.434454
-0.055327,-0.189465,0.988616,-1.747832,-0.302443,-0.161970,-0.203985,-0.342284,-0.338128,1.006751,0.602208,0.513404,-0.225422,-0.888646,-0.744143,1.611394,-1.758588,-0.538696,-0.332164,1.990922,0.188606,-0.415786,0.624642,-1.253350,-0.491953,1,49.927173
-1.059063,0.452388,-1.055064,-0.552786,0.501288,-0.390951,0.239874,0.917649,-0.847826,0.297967,0.445586,-1.080962,1.083856,-0.538441,-0.019180,-0.248239,1.649588,-0.011594,2.377031,1.278415,1.680648,0.106500,0.939677,0.131685,0.081340,0,36.189690
1.603040,1.293755,1.176906,-0.635991,0.683544,-0.491026,-0.202508,0.545378,1.770820,0.124411,-0.066312,0.045178,-1.524180,0.667819,-1.598312,1.181440,-1.212331,1.175877,-1.970787,0.801741,-1.582224,1.274191,1.071645,2.236111,-0.831765,0,68.435426
-0.290476,0.574719,-1.143666,-0.801378,0.668347,1.502275,1.283000,-0.033236,-1.156872,-0.479372,-0.178835,1.274608,0.172579,-0.934443,-0.350555,-0.181223,0.720205,-0.510247,0.594593,-0.502315,0.320122,0.131353,-0.582310,0.076118,-1.588908,1,53.706397
-0.131647,2.162420,0.379398,-1.351800,0.097194,2.110903,0.265539,-0.910712,1.122160,0.786219,-1.857719,0.784125,0.676926,-0.056583,-0.241577,0.029541,0.409384,0.753342,0.877971,-2.125160,0.306652,1.454067,0.419696,-0.339762,-0.141977,1,68.301478
-0.588348,-0.243234,0.158535,1.024264,-1.680586,0.509325,0.182436,-0.521819,-0.084128,0.105833,-0.503461,0.048592,1.529538,0.577882,-0.717275,-2.238080,0.665722,0.363676,-0.730786,0.023999,0.327395,-0.537120,-0.717068,-1.160515,2.545679,0,35.821216
-0.148634,1.303308,-0.728501,-0.690831,0.168941,0.123451,0.944766,0.027000,-1.616136,-1.336015,0.233165,0.103460,0.489515,-0.464031,0.088758,-0.433169,-0.510973,0.155528,0.295566,0.404780,-0.680868,0.804123,-0.102463,1.372168,1.164746,1,64.379824
-0.465008,-0.274371,-0.636075,0.347073,-0.084134,0.320266,0.148040,-0.053497,-0.616825,2.028358,0.958234,1.046828,-1.247625,0.705854,0.619144,0.312346,-0.667450,-1.313428,-0.187026,1.179772,-0.501421,1.572104,-0.245583,1.018439,-0.022976,0,45.665750
-0.846453,-0.289776,-0.966795,-1.314233,-1.421691,-0.658308,0.877855,-0.405256,2.805929,1.145497,-0.052760,-0.546349,0.155389,-1.736128,0.778872,-1.524977,-0.089084,-1.092097,-0.757707,-0.535811,0.366066,-1.189507,-0.543943,1.295915,-0.341652,0,33.562105
0.981961,0.211631,1.067397,-0.082808,0.391745,0.066897,0.077961,0.767642,-1.015914,-0.306952,0.691904,0.845980,-0.082728,0.176916,-1.619389,0.078640,-0.790970,1.178153,0.753212,-1.842591,1.950861,0.079397,-0.209333,-0.372551,-0.023289,0,55.966954
-0.311901,-0.652387,0.296310,1.151969,-0.334285,1.032681,1.064236,-0.456281,-0.298295,0.526482,-0.966950,2.277003,-0.878581,-0.106822,1.626659,-1.250706,1.158183,-0.887815,0.675272,1.887800,0.460583,-0.552895,-0.190152,0.209858,-0.135300,0,48.713854
-1.540416,-0.645335,0.497630,0.780047,-0.495695,1.972107,0.960195,-0.605931,-0.264167,0.894688,0.893554,-1.042244,-0.339509,0.590773,1.188471,0.736557,-0.329926,2.835428,-1.054779,0.241307,-0.235238,-1.027347,-0.834612,-0.370952,0.070741,0,40.404531
1.609534,0.438924,-0.423036,0.769352,2.077105,-0.794029,-0.140654,-0.685607,-0.174361,-0.598040,0.039267,0.654382,-0.353255,-0.472817,0.851492,0.965055,-2.218482,-0.184361,-0.584246,0.842417,2.095952,0.175369,-0.239191,1.003963,-0.639169,0,63.834323
0.715721,0.493086,0.202781,0.009654,0.348565,-2.475125,-2.037408,-0.060035,0.822495,-0.726921,0.622297,0.934514,2.018754,0.467614,0.781692,0.641970,-0.831965,-0.202398,1.915990,-0.246810,0.122562,-0.951048,1.264713,-0.782940,2.034593,0,57.179055
-1.910932,1.213171,0.244149,0.095033,-0.876565,0.231986,-0.070634,0.926213,0.675108,0.581222,-1.260053,-0.468167,1.359925,0.791465,0.853318,-0.743894,-0.872967,-1.075179,0.189072,0.400330,-0.310927,-0.792042,0.154636,-0.521148,-1.566509,1,36.731623
0.961674,0.206950,-1.617900,1.057281,0.414373,1.509776,-1.007724,-1.060867,0.500389,0.096835,0.153310,0.820697,-0.107404,0.968815,-0.548504,-0.637832,0.103372,-0.092256,0.680825,0.031464,-1.040154,0.202892,-0.999070,1.313707,-1.082644,1,69.965473
-0.427100,-1.883849,-0.836910,-0.612248,0.547741,0.966780,-0.972718,-0.623609,0.002931,-0.342860,-1.006233,-0.628493,-0.232999,-0.891304,-0.645957,0.480247,-2.502329,-0.194124,0.517620,0.167723,-0.215502,0.093488,1.089705,0.548357,-0.891219,0,48.102663
-0.658208,0.965327,-1.154750,-0.261585,1.025113,0.467845,0.175773,1.995421,0.343561,0.115549,1.447008,0.557344,0.804936,0.279441,0.485500,1.582105,0.621240,0.841151,0.279382,1.667084,-1.367657,-0.232357,-1.161224,0.578886,0.736565,1,54.322370
-0.092427,0.077955,-0.378049,0.515401,-1.369653,0.921166,-0.831448,-2.064675,1.206717,-0.609732,1.196757,1.467457,-0.780422,0.544383,-0.540671,1.525287,-1.129925,0.453433,0.206213,0.163535,-1.550329,-0.611526,-1.581155,-0.446624,-1.146354,0,54.028664
-0.657775,-0.266791,-0.889050,1.484585,-0.919094,0.643117,-1.746631,-0.208370,0.225320,0.408308,0.248141,-0.625934,0.388722,-0.225157,0.011654,1.074462,0.079424,0.037616,0.782832,1.079750,-1.005606,0.000892,-0.812773,2.282640,0.030664,1,45.371896
-0.419733,0.423608,-0.624274,0.245940,-0.539385,-0.017427,0.083823,-1.653150,-0.344035,-0.592186,-0.860185,0.943871,0.662529,0.123060,2.578975,1.670789,-1.791408,-1.088768,0.812038,-1.403180,-0.340884,1.543796,-2.347361,-0.588455,0.174945,1,52.962538
-0.847863,0.095337,-1.031068,0.053871,0.880992,-0.318022,-0.558164,0.102361,0.206654,0.135971,-0.596930,-0.731480,2.023070,-0.908486,-2.188990,-1.017778,0.374211,0.545264,-0.616834,0.278391,0.904724,-0.817875,0.664512,-1.431118,-0.000472,1,36.937757
-2.038478,0.060355,0.097727,1.482385,0.949574,0.881507,1.339171,-0.831597,-0.273823,0.227940,0.932214,-0.152968,-0.183975,0.312615,0.796251,-1.187786,0.656339,-0.173613,1.451854,-0.420867,-0.496091,-1.183310,-0.011014,-0.602357,0.847870,0,36.725340
-0.117507,-0.210513,0.560749,-0.082295,0.218208,-0.071659,-0.621637,0.352346,-0.958514,-0.441221,0.439653,-0.312740,0.783768,1.153093,-1.584437,-0.301419,1.300149,-0.559634,-0.003737,1.225452,2.306432,-0.219213,0.783417,0.820457,0.797094,0,59.269573
-0.377538,0.812738,-1.115740,1.501557,0.342316,1.281643,0.031632,-0.230140,1.101692,0.248574,-0.496774,-0.777007,0.505158,-0.791853,-0.758223,-0.819357,0.462803,-1.310785,-0.337452,-0.874538,-1.289984,-0.617129,0.564657,0.158547,-0.247721,1,37.721990
-1.965155,-0.530466,0.954260,1.653992,0.299911,1.617342,-1.997962,0.725402,0.800178,0.085111,0.524963,0.918061,-1.668355,1.082699,-0.357111,0.933025,1.657635,0.585323,0.823357,1.195151,0.063546,-1.252734,-1.893475,-0.137521,-0.686110,0,25.884834
1.451644,1.029430,1.143225,0.687095,0.270520,0.139015,-0.078878,-0.073606,0.962366,0.205087,0.843528,-0.910403,-0.465268,1.106216,0.027960,-0.093077,0.902569,-1.679910,1.210537,-2.300732,-1.453580,-2.157403,1.179586,-0.914421,-0.796220,1,79.070736
0.487042,0.224620,-0.044753,1.069800,-0.453393,-1.845096,0.279716,0.137616,0.313250,-1.897229,1.059886,1.005681,-0.913107,-0.142084,-0.216127,-1.279970,0.679456,0.653957,-1.337795,-1.548156,-0.516069,-0.529756,0.403465,-0.336872,-2.380443,1,60.729325
-0.352009,0.182085,-1.150482,1.437720,-0.848319,-0.471323,1.719092,0.205364,-1.907217,-0.235731,1.599056,-2.239806,1.040668,0.638947,-2.020859,0.503291,0.086605,-0.163694,-0.957588,-0.372493,0.486083,1.724674,-0.920823,1.444497,0.236799,0,49.188744
0.221810,0.519149,-0.076979,1.252011,2.114220,2.242568,0.295588,1.772332,-1.359831,-0.291708,-0.295651,1.576861,-0.308015,0.893292,1.102691,-0.614469,0.762974,2.286661,3.073849,-0.137019,-1.901451,0.776112,-0.337005,-1.965697,-0.378364,0,61.665425
-0.315022,-0.236899,0.412671,-0.457272,0.375213,-0.189831,1.376639,0.292982,0.526046,-0.992005,-0.055024,1.097150,-2.096391,-1.009959,-0.767906,1.253249,0.718033,0.399412,-1.167189,-0.052439,-0.402720,0.550125,-0.461993,1.096569,0.255852,0,42.722730
0.471957,-0.713565,-0.860199,-0.279998,-1.601408,-1.503204,-0.411744,1.182717,-0.110011,-0.409348,0.883189,0.029458,0.453772,-0.262063,-0.316121,0.890000,1.877205,-0.436992,0.048835,-1.449767,0.926023,1.987990,0.666280,1.554674,-1.013754,1,54.230201
1.344233,-0.124476,-0.221703,0.303984,-0.454750,-0.258781,1.001602,-0.208943,0.753494,-0.051916,-0.724200,-0.025000,2.198797,0.952222,-0.734165,2.597829,-0.097041,-1.507902,-0.318228,-0.931397,0.238889,-1.074874,0.697186,-0.254478,0.833848,0,66.557768
0.453762,-0.762365,1.433133,0.494522,-0.600834,0.340609,-0.456961,0.560685,0.258200,0.077684,0.090948,-1.546607,-0.366904,0.740015,0.221980,0.675622,-0.290902,1.106782,-0.013075,-2.527018,0.147123,0.850299,0.477849,-1.834318,-0.010194,0,54.488680
1.253442,0.001974,-0.748275,1.373060,1.231097,0.501960,-0.887833,-0.670611,2.315671,-1.490018,-0.219142,-0.352621,1.135067,0.790884,0.281653,0.202905,1.089097,-1.110325,-0.679429,0.766243,0.489222,0.808278,1.696695,-0.945193,-0.159762,0,62.329833
1.211455,-0.744467,-0.533003,-0.145061,1.404947,-0.345335,1.241769,-0.847120,-0.745506,-1.228641,-1.231191,-0.332001,0.239573,-2.816701,-0.900017,0.619876,-0.444240,-0.503837,-2.589952,1.500964,2.171081,0.304255,0.671474,-0.043422,-0.743526,0,65.277894
-0.582362,0.158422,-0.248835,-2.390324,-0.325514,-0.959022,-1.248138,-2.367523,0.524823,-0.203697,0.074270,0.232950,0.477807,-0.126185,-0.355260,1.426987,-0.775576,0.984021,-0.645921,-1.323021,-0.675829,-0.874038,0.000017,-0.433365,-1.331852,0,49.608320
0.584529,-0.827583,0.246886,0.812076,0.021468,0.199531,1.265589,0.683897,1.063932,-0.019897,0.819292,-1.309213,0.578510,0.526109,-1.205561,0.604914,-0.801525,-0.322840,0.955193,-1.459850,0.046635,-0.355507,0.879745,1.827060,-0.151258,0,48.809619
-0.294260,0.302961,0.819548,1.239459,-0.404892,0.812901,0.180266,-0.294512,0.508070,-0.783346,-0.953786,1.028327,0.478892,-0.291484,0.351495,-1.155099,0.562042,0.286729,-0.123797,1.044043,1.526121,-0.454011,-0.828636,-1.254276,0.361227,0,46.573778
1.298434,-0.585815,0.988261,-0.314551,1.106684,-0.370216,-1.369018,1.417940,0.641976,0.468090,0.740648,-0.212880,0.032480,-1.891772,1.590216,-1.063410,0.474940,0.581724,0.041516,-2.420537,-0.466555,-0.651534,0.653373,-1.149123,-1.699411,0,59.671491
0.846723,-0.869233,0.339096,-1.200525,1.819783,-0.734902,0.586169,-0.374827,-1.519936,-0.025948,-0.451563,0.121370,-1.161705,-1.010779,-0.648699,-2.267223,3.239264,0.133730,1.180814,0.893244,0.649388,1.225201,0.505883,0.591715,0.019857,0,53.732409
-1.181171,0.267740,2.496955,-0.248577,0.282543,0.042700,0.806945,1.058649,0.484870,0.630093,1.239560,0.476831,0.544221,-0.366049,-1.022916,2.619998,-0.693185,1.963337,0.823422,0.030846,-3.310940,-0.567002,-0.569071,0.977117,0.914678,0,39.088450
1.685433,-0.891653,0.427796,-0.507729,-1.251799,1.336260,0.159078,1.200489,-0.864617,-0.160448,-0.095040,-1.176119,-0.808767,0.750147,-0.164104,-1.071395,0.884283,-0.699157,1.257578,-0.514191,-0.598448,0.510471,-0.322650,-1.061489,0.889662,1,64.965693
1.637578,-1.074656,-0.571410,0.849507,-1.599520,0.291362,0.498337,-1.434550,-1.370648,-0.985792,-1.528377,0.488150,0.209910,-0.540138,-1.485088,0.675330,1.319276,0.946053,1.102320,-1.654677,-0.519124,0.558469,1.196016,-0.992528,-2.445503,1,66.065371
0.060184,-0.802406,-0.544025,1.736476,-0.419461,0.471737,-0.054704,-0.549984,-0.158479,1.247312,-0.526075,1.140853,0.628820,-1.706630,-0.738666,0.169012,1.340608,-0.447504,-0.961924,-0.782648,0.498032,0.004538,-0.195241,0.277771,-0.543051,0,46.569419
-0.865598,0.387525,1.204212,1.186088,0.657800,-0.766441,-0.109640,-0.222538,-0.524055,0.323764,-0.335563,1.117576,0.875021,0.368905,-0.381024,-0.229395,1.135151,0.159347,0.683106,-0.206332,0.794503,0.166120,-0.005659,1.173027,-1.973164,0,51.842273
-1.367410,2.636452,0.438648,0.793662,-0.253411,0.931655,1.011725,0.719081,-1.798476,0.046739,-0.433749,1.120014,-0.657262,0.800832,2.093508,0.601716,0.689314,-1.063318,0.889360,0.769408,-2.052361,0.662690,1.048817,1.465319,-1.245057,1,40.434412
0.398186,-0.755767,0.776532,0.468161,0.574616,0.050851,1.895097,-0.601753,1.271225,0.935987,0.244211,-0.643368,1.074649,0.571206,-0.919800,0.310599,-0.136716,-0.362027,0.395691,-1.643717,1.582460,-0.890552,-2.212285,0.834296,-0.854026,0,48.893801
2.409675,0.531617,1.271107,-0.973714,0.686768,1.205141,-0.017274,-0.222925,0.822022,0.191021,0.845990,0.075406,1.030944,-0.797164,-0.511273,-0.946329,0.269347,-0.085053,1.226269,0.936933,-0.396430,0.523266,-0.308891,0.110408,0.512736,0,76.277774
-0.863536,-1.837672,-1.191764,0.337075,0.616459,-0.388441,0.246599,-0.980721,-0.537300,0.812945,-0.333183,0.967662,-1.322103,0.129789,0.356980,0.378983,0.081705,-0.508773,0.291458,-0.302503,0.325344,0.020224,0.472436,0.628603,-2.201555,0,27.596956
-0.397806,0.119700,-1.296521,1.281008,1.561764,1.922913,0.424606,-0.268205,-1.264097,0.319760,-0.228636,-1.756457,1.158783,-0.072102,-0.495443,1.267597,-0.643327,-0.385535,1.190777,-1.588825,0.965768,-1.446878,-0.366177,-0.274873,0.000090,1,52.977176
-0.742515,0.168225,-0.040002,1.324572,-1.056798,1.159096,0.349313,1.700024,0.571637,0.525056,0.645358,0.280281,0.734014,1.158466,-1.864937,-1.198283,-2.592354,1.358793,0.600502,0.647009,-2.854928,-2.259224,-0.232941,-0.443273,-0.047054,1,43.547923
-1.662210,1.838930,-0.508881,-1.003022,-0.267810,-0.376796,1.130957,-2.297943,-0.146837,1.032453,-0.125760,0.527393,0.442741,-0.795237,-0.579393,-1.448539,1.590086,-1.194158,0.076121,0.073142,0.446359,-0.251734,-0.372812,0.165330,-0.536883,0,42.567355
-0.305743,-0.143916,-0.629206,-0.290395,1.241173,-1.050867,1.312860,-0.145276,0.886467,0.102221,0.001081,-1.093630,-1.070344,1.312058,-0.196697,-0.291911,-0.824760,1.044008,-0.003784,0.045791,0.631425,-0.102980,0.152241,-0.541510,0.462792,0,52.317308
-0.481614,-0.416164,-0.779734,-1.015367,0.360648,0.764740,-1.160857,1.375633,0.842027,-0.278634,-0.121186,-0.594604,-0.466857,0.481844,0.618168,-1.572353,0.375479,-1.039068,1.795263,1.128585,1.033127,1.138179,-0.296838,1.776955,0.084205,0,51.222988
-1.335742,0.403588,-1.115959,0.680384,0.394150,0.199519,-1.158395,-0.594451,0.996567,1.021948,-0.085398,0.294634,-1.386606,-0.326894,-0.032279,-1.283980,1.453020,0.044374,0.053000,1.414196,0.451056,-1.108251,-0.396264,0.479744,2.534818,0,31.500344
0.660389,-0.561549,0.306244,-0.551957,-0.989373,0.654313,0.259266,0.573114,0.510010,-0.024982,0.722096,-0.102415,0.481393,-1.041219,-0.143400,-0.164762,0.931531,-1.227356,-0.284425,-2.506105,0.021055,-2.380019,0.853687,1.193555,-1.785652,0,56.224154
0.396303,0.504118,-0.287983,3.020666,-1.571611,-0.866249,-0.795322,-0.058782,0.441962,-0.656039,0.192105,-0.779215,-1.850554,0.664505,0.387574,-0.843992,-0.009378,-0.285507,-0.432765,0.980404,0.281877,1.626300,1.063889,-0.518543,0.726627,1,52.598824
-0.295234,-2.159220,-1.215137,1.022327,-0.293870,0.512746,2.040283,-1.449702,-0.773892,-0.397372,0.185991,1.587297,2.224696,-0.563097,0.562930,0.036550,0.047290,-1.090059,-0.782241,0.905651,1.972438,-0.243886,-1.209632,-1.191294,-0.575531,1,30.552333
-0.933696,0.651500,-0.034874,1.937093,-1.457076,-1.282878,-0.028249,0.673136,1.162639,-1.075618,-0.073856,-1.928047,0.164003,0.500399,-0.252840,-0.065842,-0.863611,0.397860,1.571420,-1.262486,0.300285,-0.419121,0.532634,1.111850,0.609512,0,44.154902
-0.291668,-0.739559,1.111355,0.868370,2.300301,0.315792,-0.249938,-0.737765,-0.159425,-1.334579,0.265237,-0.650531,-0.800713,0.193353,0.503062,-1.515990,-0.298983,1.085349,-0.016836,0.266601,0.412103,1.156386,-0.064266,-1.588565,0.722273,0,45.151813
0.466714,-1.628405,-0.302902,0.576065,0.458296,-0.012422,1.277426,0.055236,-0.828043,-0.335429,0.256850,0.518197,0.276378,-0.040742,1.541193,-0.411759,-0.309085,0.296804,-0.579128,-0.773337,0.958664,0.156630,-1.029840,-0.372860,-0.674948,0,45.823510
-1.716138,0.806120,-0.189611,-0.930768,-0.362859,1.556802,0.091274,-0.661416,0.901135,-0.898120,0.324401,-2.206898,-1.426328,0.158889,-0.828003,-0.624931,0.977065,0.534031,0.842281,0.583086,-0.863805,-1.707948,1.167153,-0.973002,-0.549633,0,43.426843
-0.746249,-0.385492,-0.675145,-0.340916,-0.467744,0.029650,-1.147499,-0.297776,0.577119,-1.068086,-1.265026,-0.009906,0.564787,-1.114840,-0.049422,0.633616,-0.686112,1.399682,0.899337,-2.151737,0.694498,-0.235963,0.429958,-2.147225,0.291151,0,36.325115
-0.164660,-0.827730,-1.202016,0.064001,1.805238,1.663311,1.814323,-0.350929,0.296894,-1.693657,-1.758461,0.224868,2.041820,0.364265,0.911571,1.389517,-1.660501,-0.272743,1.887822,-1.174969,-0.667378,0.939658,0.184931,-0.248117,0.825849,1,45.650234
-0.757709,0.280208,0.947012,0.700716,0.222325,-1.469983,-1.357100,-0.551182,0.762076,1.139626,0.471301,0.845489,0.763896,1.400448,0.684256,0.068247,-0.608480,0.773036,0.426328,-0.384531,1.300260,-0.894612,1.358046,-1.220905,1.750640,0,44.693074
1.553252,-0.560327,0.295008,-1.033534,1.076612,-0.595076,-0.568522,0.156946,-0.314367,0.289111,-0.040458,1.092764,-0.372578,0.302662,-1.874558,-0.146148,0.201326,0.692704,1.565266,1.022896,0.455756,0.482827,-0.124735,1.977971,-1.266539,1,74.961943
0.893344,0.661414,1.708024,1.056744,-0.479965,-1.061845,0.515113,0.778279,-0.063766,1.319715,-1.711576,-2.030849,0.023721,-1.434381,0.293145,0.719454,0.134405,1.653344,-0.667487,-1.003164,-0.389685,-0.642019,1.169572,0.726835,-0.984656,1,70.334443
-1.208302,0.410200,-0.522855,-1.172997,-1.212676,-1.139289,0.070141,-0.149889,0.539180,0.223836,-0.282504,-0.440979,-0.344092,1.466321,-0.047297,-0.238687,-1.139964,1.405952,-0.603721,2.529070,-1.726011,-0.406582,-0.455243,-0.961620,0.368704,1,39.675362
1.054029,-0.690911,0.312797,0.302666,1.031646,1.493668,-1.157929,0.607358,0.879311,-0.876199,0.612833,-1.090451,-0.906815,0.777124,0.842735,-1.567815,0.213238,0.814684,-1.193230,-0.075132,-0.840876,-1.034117,0.844856,2.190771,-1.261646,1,65.452168
-1.793924,-1.109558,0.810660,-0.028826,0.620469,0.420254,-0.592430,0.554128,1.134529,0.032298,0.640343,0.231285,0.401934,0.800922,-0.338771,0.266432,0.028867,1.868663,-0.931886,-0.864505,-0.115630,-0.363703,-2.855906,-0.348518,1.153586,1,26.721967
-1.459332,1.326614,0.002363,0.912102,0.538260,-0.601509,-0.476177,0.285844,-0.831596,-0.262591,0.301351,0.077504,1.838574,0.530023,0.948355,-0.261689,-1.011418,0.770788,1.318244,-0.721292,0.221323,0.540509,0.686008,0.255589,0.398888,1,42.571823
0.998935,1.106151,1.434644,0.460468,0.323800,0.657964,0.643723,-1.029537,0.319919,0.258111,1.569833,-0.013491,1.579642,-0.481445,0.766928,0.123817,-0.428654,1.866861,1.110462,-0.023128,0.235946,1.213709,1.292816,0.292041,1.448797,1,69.688536
1.278521,1.162065,0.280306,-0.251413,0.966052,-0.585216,-0.446188,-0.375971,2.103646,1.812016,0.359631,0.568880,-0.331931,0.498353,0.490808,-0.060505,0.051906,0.036360,1.478590,1.182708,-1.876479,0.738942,-0.038461,-1.284260,-0.972828,0,77.251068
0.797382,2.382829,0.306141,0.067971,-0.143078,-0.886451,1.088857,-0.064109,-1.718994,-1.566387,-1.408886,1.082429,-0.509770,-0.482627,-1.922711,-1.615054,0.290283,-0.292449,-0.642512,0.365040,1.619703,-0.294820,-0.056016,-1.363573,1.924147,1,79.902026
-1.157050,1.330057,-1.177958,-0.126663,1.051326,1.232677,-0.748660,-0.503276,0.592186,-0.061990,1.860244,-0.559044,-1.791953,-0.140380,-0.464617,1.213278,-0.127429,1.712801,2.115271,-0.027158,0.291191,0.536179,0.320592,2.496059,-1.443907,1,51.422921
1.899883,-0.131278,-0.024712,0.322662,-0.891634,-0.278667,-0.862127,-2.813907,-0.222991,1.581187,-0.710490,-0.277716,-0.152165,-0.162361,0.055753,-1.181806,0.408344,-0.197514,-0.360762,1.064152,2.638199,-0.081945,0.716001,2.182784,0.234729,0,63.019879
0.017102,-1.102467,-0.359164,0.930124,-0.658786,-0.986256,-0.913985,-1.570860,1.299727,-0.833839,0.252207,-1.381722,0.316816,-0.149924,1.310333,0.277355,-0.200893,0.675828,0.564845,-0.506230,0.554099,-0.716412,-0.013514,1.389497,-0.566316,0,36.537878
0.288572,2.772447,-0.893109,1.127684,0.700176,-1.283187,-0.606865,-1.745337,0.361842,0.256677,0.929303,0.739887,0.258714,1.260059,1.186134,-0.396801,1.329841,1.003397,0.118543,0.424057,0.901056,0.732703,1.139144,-2.412782,-0.298330,1,71.630523
0.957892,0.128607,0.492093,-0.091905,-2.634609,-0.273655,1.230627,0.963899,-3.294643,0.666508,0.788669,0.219703,0.198490,0.249124,0.661218,-0.424863,-0.479917,0.262280,0.015505,0.691634,0.660369,0.472789,-1.266934,-1.326799,-0.973318,0,50.834535
-1.663743,1.245840,-0.123645,1.978993,-1.358463,-0.175433,-0.064650,0.926565,-0.945256,-1.693846,-0.292081,-0.862534,0.220195,1.798009,-0.155704,-0.140336,-0.271095,-0.705276,0.328431,-1.451764,0.621318,0.725056,0.297277,1.068996,-0.503169,0,37.710276
0.760907,-0.180743,1.535948,-1.627714,0.749810,-1.164302,-0.024616,0.132570,1.805460,-0.670504,-1.714682,-0.611581,1.798254,0.522041,-0.367443,1.205413,-0.325094,-0.425989,0.373538,0.549852,-0.154179,1.980153,-0.349557,1.777686,1.005100,1,68.181517
1.014478,0.297485,0.504458,-0.763707,0.017050,-1.750400,0.555964,1.169991,-0.216594,-2.367708,0.349047,0.494341,-1.099243,0.077153,-0.319968,-0.492384,-0.004199,-1.246437,0.327394,-0.081013,-0.312408,0.358927,-0.321929,-1.484846,2.465828,1,79.503797
1.897387,0.680085,-1.306052,0.185166,0.400727,-0.232350,1.590110,0.606300,1.109477,-1.796645,1.416209,-0.431269,0.952738,0.222927,3.078406,-0.070989,0.496465,-1.215879,0.195384,-0.085168,-0.234741,-2.236371,0.513416,-0.642490,1.038183,1,79.430785
1.484608,-0.403443,1.280048,0.739714,0.274478,0.348812,1.165513,0.208946,-0.458379,-0.355560,0.626494,0.891595,-0.850368,-0.716238,0.631618,-1.867578,1.505563,0.084401,-0.016866,1.163629,0.507858,-1.494370,-1.510200,-0.053068,-0.564738,1,67.755432
-0.080948,0.678836,0.578525,2.625723,-0.049448,0.249395,1.498026,-0.481389,-0.783298,0.646283,-0.104996,0.179167,-1.000857,1.789241,0.461722,-1.748607,-0.716592,-1.115357,-0.119443,-0.566777,0.551923,1.409608,0.092558,1.226892,0.738416,0,47.629007
1.307948,2.801497,-0.155567,-0.091222,-0.444682,1.272977,-0.688710,1.506262,-0.258121,-0.778857,1.128818,0.700212,-0.054365,-0.899719,0.841336,-1.285228,1.898709,-0.143012,0.348193,-0.738389,0.185100,-1.343378,1.467335,-0.588028,-1.043362,1,79.271482
0.060983,-0.864847,1.684937,0.815051,0.309421,0.509140,0.176321,0.070436,-1.695308,-0.618008,-1.348206,-0.467360,2.017450,-0.545564,1.092453,0.823211,0.324642,0.343161,-0.219362,-0.313069,-0.374141,0.580754,0.004778,1.894968,0.177702,0,54.446900
-0.626929,0.256137,-0.766473,-1.023951,-0.587666,0.026263,-0.561754,0.465848,-0.281998,0.732791,-2.037038,-0.001753,0.957904,1.520159,-1.824032,-2.123665,-1.012058,-0.036298,0.425086,0.504006,1.346245,-0.254938,-0.566841,1.380603,0.288374,1,47.667801
-1.215584,0.046317,-0.756783,0.884515,0.906111,0.622211,1.710314,0.077922,-0.295949,0.545274,1.210916,1.022377,0.089259,1.092523,-1.205825,0.577962,0.324511,-0.121252,0.844871,1.118420,0.962777,-0.937339,-0.882864,1.348966,0.447031,1,35.776675
-1.159459,0.005436,-0.964934,-0.818417,-0.467573,1.576071,1.204956,1.402682,0.098552,-0.739464,0.522593,0.566213,1.151958,-0.291199,0.383663,0.324234,-0.762180,1.351093,0.346774,0.083481,-0.584919,-0.432534,0.873338,-2.014967,-1.840761,0,49.798236
-1.064724,0.541961,-1.494609,-1.032212,0.766045,-0.389625,0.702353,0.868742,-0.751280,-0.479424,-2.089951,-0.815704,0.214832,-0.533491,-0.569853,-0.571155,-0.392165,-0.159548,0.333359,-1.372849,0.478426,0.193558,1.086395,-0.027459,1.601349,0,38.459559
1.460974,-1.522701,0.023177,-2.317572,-0.121418,-0.939372,0.509662,-1.540977,1.153310,0.229135,-0.177329,1.156348,-0.047417,-0.858395,-1.090955,-0.696237,-0.880251,1.528192,0.046348,-0.634426,-0.520180,-0.315229,-0.081061,-1.661571,-0.700879,1,61.949370
-0.943158,-0.593656,0.290561,-0.066126,-2.021625,1.024005,0.367855,-0.031382,-0.975782,-0.207284,-1.528644,0.139056,-0.223955,0.278858,-0.752880,-0.011003,-0.335066,-1.198026,0.697221,1.008626,-0.651534,1.242134,0.585063,0.018680,-0.895753,1,34.173833
-1.277127,-0.198463,0.898848,1.890586,-0.973669,-0.513035,1.376303,-0.577280,-0.851296,0.929523,-1.655793,-1.366422,-1.091979,0.138324,-0.538553,0.874894,0.079384,0.204953,0.253460,0.224070,2.219418,1.754486,-1.505434,0.023621,-0.768861,0,39.334945
-1.194219,-0.020950,-1.157642,-0.361457,-1.523124,-0.945228,0.360152,1.217473,-0.252252,1.255177,0.099625,-0.424085,-2.504495,-0.112079,-0.053726,-0.001897,-0.138861,0.452560,-0.390139,-0.413030,-0.356241,-0.875308,-1.023272,-0.093170,-0.249549,0,35.409563
0.188425,0.136431,1.431221,0.214568,-1.201262,0.213580,1.928060,0.005003,0.516614,1.350904,0.168938,0.494811,1.126105,-0.682181,-0.896166,0.483645,1.644871,0.464136,-0.679527,0.201691,1.387227,-0.678391,1.103912,-0.541861,0.017295,1,53.599242
-0.886564,0.228942,-1.437633,0.519461,0.058972,-0.293516,1.158243,-1.470132,-2.094510,-0.347930,0.801675,0.571445,-0.522397,-1.080142,-0.532867,-1.159537,-1.780613,-1.337341,-0.503695,-1.281007,-1.818614,1.608067,-0.201997,-0.122758,-0.760015,1,33.675215
-0.183413,-0.296096,1.220924,-0.175516,-0.816205,-1.054281,0.764552,-0.692678,1.050933,0.946619,1.234803,1.166804,0.708817,1.909158,-0.233894,0.055793,0.880293,0.181799,-0.086042,-0.617066,-0.142247,-1.189146,-1.408513,1.241241,2.855925,0,35.282117
1.174638,-0.435458,0.433669,0.552873,1.056053,-0.042023,0.650893,2.344558,0.364512,1.226503,-0.631428,0.524801,-0.049149,-0.657089,-0.902664,-0.756894,-1.417856,0.882530,-0.507284,-0.740559,0.176174,0.681182,-0.637607,-1.770767,0.345190,0,74.594139
0.131981,1.378951,0.517925,-0.922303,-0.241553,0.447858,0.584593,0.380941,-0.282864,2.325450,-1.329565,-0.930941,0.160315,-0.467817,0.665508,0.023249,2.116245,-1.202786,-2.373969,-1.014022,0.899656,1.285678,0.353027,-0.181843,1.088166,1,59.644715
0.407862,0.009384,0.844936,-0.999253,-0.359743,0.231367,2.158961,0.055195,-0.848107,-0.964536,0.410498,-0.496509,-0.279145,-0.087418,-0.237847,-1.402906,-0.441224,0.341846,0.807501,0.037282,-0.464568,-0.075442,-0.983016,0.489321,-0.179087,1,59.195474
-0.512592,0.074974,0.534386,-0.431966,-0.033655,-1.216842,-0.954043,-1.919346,-0.385204,1.924241,-0.996323,0.317057,-1.288130,0.659614,0.072983,-0.296366,0.364645,-0.445197,-2.034344,-0.868849,-1.601427,-0.668577,0.067863,-0.578166,-0.763475,1,52.554160
0.497360,1.322338,0.749998,0.862450,0.609923,1.569154,1.294829,0.988237,-0.607541,-0.503509,-0.709185,1.192970,-0.763843,0.333578,0.148829,0.247761,0.908516,0.469109,0.204040,0.360586,-1.029462,-1.898764,0.052479,1.310535,0.812146,0,69.307046
1.381390,0.534645,1.275011,-1.063123,0.714642,-0.201360,2.330361,0.207310,0.626477,-0.497124,0.786586,0.292165,-0.056757,-0.501662,0.006840,-0.046301,-0.474294,-1.154021,1.044962,1.181999,0.260771,-1.209623,0.167756,0.275431,1.201850,0,64.198156
0.110344,-2.071926,-1.881894,-0.758088,-0.875392,-0.021095,-1.200232,-0.635618,1.305013,0.158210,-1.121983,-0.494198,-0.239335,-0.423580,0.616187,-0.044088,0.631089,1.352697,-1.142278,-0.389158,-0.595800,-0.231583,0.156107,-0.997631,-1.678817,0,26.508621
-1.494460,2.242119,0.143567,0.114426,1.115995,-0.188925,1.232100,-1.057921,-1.064826,2.693731,-1.881308,0.037309,0.193629,0.925363,-0.656533,0.137963,-0.292933,-0.468149,-0.707732,-1.431678,0.113802,-0.249600,-0.459108,-2.359207,-1.624467,0,51.551772
0.212694,-0.960359,0.203467,-1.927729,0.078450,1.744807,-1.650712,-0.165696,0.247603,0.109717,-0.935973,-0.511982,-0.722352,0.112261,-0.692871,0.095397,0.889419,0.000186,-2.269612,0.538419,0.346351,-0.816375,-1.211177,0.950606,1.218878,0,53.952180
-0.080988,0.498068,-0.495298,0.808617,0.504104,-0.591416,-0.373995,-0.391528,2.155933,-0.078896,0.956204,-0.378209,2.030915,0.376422,1.309002,0.386370,-0.304516,1.102981,0.113540,-1.060698,-0.329396,0.553230,0.229613,0.286089,1.566176,1,55.648671
-0.053539,0.089309,0.388405,-0.291166,0.753036,-0.306121,0.559572,0.446170,-0.018371,1.730096,-0.629121,-0.480083,-1.756992,0.065492,-0.051994,-0.316305,0.582353,-0.096539,1.178244,-0.095691,0.103873,0.076455,-0.858825,0.424182,0.884137,1,56.348100
2.768665,-0.590008,0.637553,1.157720,0.363708,1.344749,1.477520,-1.722721,0.002219,-1.148927,-0.964704,-2.080439,-0.868840,0.451982,0.951425,-1.177519,-0.459177,-0.861213,-0.682937,-1.134625,0.767206,0.225513,-0.037142,-0.277917,-1.472408,1,79.026566
0.407138,-0.706363,0.429214,-1.817738,0.564863,1.343624,-0.057599,-0.140591,-0.963905,-0.373129,0.119055,0.409167,0.871517,-0.485040,-0.499434,1.065210,3.377146,0.204038,1.518892,-0.997259,-0.503886,0.885420,0.235363,2.688317,-0.086876,0,52.890761
-0.287299,0.558430,-1.315693,-0.342006,0.301554,-0.811462,-0.176395,-1.242606,0.368805,0.265911,0.689077,0.871789,0.383613,0.096356,-0.595559,0.326597,-0.351031,0.523895,-0.727888,1.069566,-0.573292,-0.160437,-2.113879,-1.684540,0.479964,1,48.738252
-0.430228,1.379657,0.346170,-1.498637,0.990456,-1.208010,-1.101286,-1.541888,0.543471,0.514008,0.401272,0.547870,-3.288563,1.789253,0.616383,-0.477203,-0.112382,-0.765862,0.045033,0.697494,0.257077,-0.691186,0.008647,0.295550,1.155915,0,53.227404
-0.905403,-0.782076,1.291080,1.033168,-0.917600,0.667422,-0.402722,1.285197,1.207839,-0.472137,1.442122,2.039174,-0.376065,0.315906,-1.238479,0.132928,-0.933058,0.763027,0.494640,-1.311331,0.994219,0.643717,0.064692,-0.735326,2.247014,0,43.607404
-1.359849,0.640111,-0.872973,0.870146,0.276151,-0.117984,0.478167,0.245142,0.616110,-1.484648,1.357391,-0.602046,0.339640,-0.564550,0.637314,0.367159,0.272005,0.699636,-0.054757,-0.874478,1.502836,-0.385101,1.165284,-0.811706,0.024067,1,40.535511
-0.554302,0.419764,0.376530,-0.100393,2.204191,2.303735,0.790902,1.261744,-1.306799,0.186386,-0.235568,0.758654,-0.414834,0.667060,1.371298,-1.003716,0.919691,-1.802342,0.666297,0.046273,-1.066314,-0.231240,-0.197652,-0.733658,0.955471,0,57.984360
-0.154396,0.611584,-0.545696,0.222715,0.055660,0.527509,-0.984883,1.022155,-1.941399,1.320250,-0.523435,-0.440587,0.972122,1.416849,-0.407498,-1.630138,-0.554805,-1.464425,0.999312,0.992405,2.039439,-0.876891,-2.146084,-1.661526,-1.106353,1,52.106594
1.129479,1.203340,-1.466873,-2.201700,-0.078811,-0.035114,0.208121,0.082286,-0.373642,-0.065567,0.543364,-0.423794,0.211212,-0.657800,-0.341475,-0.113936,1.881971,-0.191101,-0.341029,0.521466,0.749629,-0.317967,-0.110106,-0.276820,-0.329957,1,67.883638
-1.459856,-0.322501,-0.084133,-0.560937,0.865994,-1.259823,0.281654,0.940177,-0.906360,0.305171,1.145968,0.483361,-1.735538,-0.775638,-0.632452,0.206762,-1.694079,-0.405837,-0.090532,-0.665652,0.210144,2.149964,-1.500760,2.575354,-0.874337,0,37.279777
-1.280213,-0.247241,1.579100,1.784729,-0.241732,-1.072686,2.418157,0.021972,0.884406,0.785491,0.828087,0.967284,0.854519,1.545234,-0.002430,-0.022937,-0.398770,-1.769633,-1.306120,-0.482515,0.762305,-1.460003,-0.083933,0.158719,-0.750518,0,33.960791
-1.197302,-1.175774,-0.082072,-1.540238,-0.246523,-1.420192,-1.060119,1.919056,1.561051,-0.416880,0.419691,-2.312625,0.104263,-0.886418,-1.162091,-0.502925,0.485941,-1.881250,-1.294999,-1.912447,-1.828118,-1.850022,1.338717,1.256389,1.608529,0,20.395405
-1.516477,-0.571080,-1.083816,-1.414917,-2.346142,-0.735268,-0.656587,-0.551297,-0.028215,0.041607,0.089936,-0.345153,0.455112,1.865482,0.731006,0.216716,-1.611375,0.250896,-1.443494,0.827717,-1.558209,0.982727,-1.010318,0.097568,0.473543,0,22.289565
-0.289642,0.892913,1.094255,-1.463568,0.745870,-1.505517,-0.428073,0.868167,-0.042742,-0.392778,-0.739406,1.039384,1.358745,1.000756,-1.203485,-1.816952,1.427441,-0.259911,0.381525,0.184381,0.872509,-0.271091,-0.026425,-0.510624,-0.091078,0,57.423761
0.552535,-1.155653,-0.392997,-2.947478,0.426788,1.474068,2.532427,-1.118893,-0.220530,-0.336610,-0.204892,-0.481586,1.159246,1.073050,-1.430394,0.259962,0.787531,0.365186,1.116119,1.971908,-0.122892,-0.558615,1.126615,-0.268984,-1.407238,0,60.662276
-0.779637,0.565099,1.216221,-0.341953,-0.834924,-1.099372,-0.296357,-0.183552,-1.210074,-0.843557,-0.064509,1.203863,-1.051956,0.164101,0.881068,2.137648,-0.548981,-0.732323,-1.290397,-0.358747,1.508094,1.727953,-0.875268,-0.723920,0.643618,0,36.225851
0.582807,-0.249848,0.875248,-0.381433,0.720749,-0.795484,0.544175,0.046023,-0.440047,2.632160,-1.057312,0.698156,-0.983410,-0.214137,0.136905,-0.351986,-0.872578,1.958179,-0.427935,-0.439694,0.176035,-0.382642,-1.272156,0.626862,0.375566,0,46.195001
-0.690426,-0.028039,-0.579569,-0.428903,-0.534900,-0.065643,-0.584815,-0.232515,0.396745,1.203622,-0.864372,0.781378,1.925187,1.173955,0.532710,1.322894,0.302462,-3.065015,0.214406,1.407188,-0.730267,-0.550229,0.359625,1.630339,-1.394541,0,43.537373
-0.907243,0.313897,1.624655,1.374455,-0.278413,0.612103,-0.319027,2.357468,-1.125754,0.192883,1.268852,-1.507972,-1.835236,0.997317,-0.310539,-1.172537,1.883310,-0.876101,0.605397,0.606196,-4.003198,-1.217715,-1.081355,-0.704686,0.103875,1,39.461319
-0.284932,0.175950,1.201762,0.703994,-0.071182,0.044057,1.915066,0.470775,0.204326,1.104819,0.061163,-1.571607,1.053987,0.298875,-0.997099,-0.058373,-0.192391,-0.112216,-1.721042,-0.439335,-0.550071,-1.342004,-1.346014,-0.419687,-0.167177,0,45.809388
-0.247377,0.624154,0.262956,-0.979815,0.419763,-0.165561,-0.740543,-0.801687,0.107139,1.440147,1.071587,1.321355,-0.601935,1.406400,-0.960825,-0.268037,-0.069509,-3.003979,-0.553038,0.169240,-0.817563,0.184539,0.304047,-0.599941,1.594320,0,49.076868
0.082797,0.249703,-0.510093,0.514228,-2.173681,0.124299,0.366259,-1.028310,0.780610,-1.994212,-1.494664,0.291048,-1.155935,0.541627,0.402277,-1.579187,-0.370294,-0.897643,-0.513993,1.716660,-0.729809,0.490540,-1.559922,0.443525,-0.698144,1,52.754826
-0.634675,-1.208171,-0.008673,-0.762297,-0.594184,0.937070,0.276395,0.960496,-0.254792,-0.491502,0.248919,-1.162687,-0.329714,1.067290,-1.054005,-0.737313,-0.930168,-1.064502,-1.998096,-0.676981,0.926849,-0.175096,3.008930,0.491865,-0.871500,0,38.517021
-1.726857,-1.334171,1.276600,0.015826,-1.781331,0.237050,0.083817,-0.133157,0.414938,-1.256242,-0.710997,-1.439573,-1.687721,-0.613199,-0.205850,1.281834,0.446606,0.229847,1.315467,0.415085,1.874394,-0.441717,0.387973,0.422216,-1.104553,0,18.272662
-1.153119,-0.804529,1.053522,-0.423933,-0.051353,-1.491782,1.076876,-1.397564,1.504673,-0.359474,1.312041,-0.432448,-0.921394,-1.658265,-0.066501,0.521743,-0.238893,-0.281383,0.258900,0.617249,0.346763,-0.747262,-0.200982,-0.555581,0.843748,0,31.549768
-1.308152,2.266236,0.837750,-1.385046,-1.824972,0.374559,-0.747485,-1.057392,0.290155,0.258782,0.194462,-1.481459,-0.138918,-1.210996,-2.030766,-2.782658,-0.318693,1.349653,0.116312,-0.302126,0.275669,0.538901,0.042557,-0.660971,-0.118016,0,41.185173
0.905480,-1.418753,-0.863157,0.907174,0.380822,-0.656673,-0.061380,0.194857,-0.518961,1.381819,0.920776,-1.359630,-0.301429,-0.385714,-1.080727,0.179837,-0.575862,0.920550,0.387619,-0.879317,-1.143041,-0.884872,1.061060,-0.507748,-0.145761,0,54.300080
-0.589822,-0.823480,-0.543736,-0.599886,-0.270119,-0.263744,2.279485,-0.732945,1.078026,-0.588229,-0.523955,-0.711936,0.863611,0.652477,-0.401764,1.161975,0.061677,1.316396,0.044052,0.728858,0.142398,0.779354,1.273870,0.001706,-0.399725,0,32.021668
-0.201249,0.270923,1.525136,-0.184226,0.023283,0.400917,0.916157,-0.202098,0.541972,0.701949,0.244708,-0.106318,0.003202,-1.409348,-0.754456,-1.734885,0.117255,0.429651,-1.740553,-0.076519,0.238089,0.381352,0.945784,0.891251,-0.462217,0,53.697951
-0.400698,0.208657,1.172547,0.755049,0.408738,-0.461621,0.771822,0.638411,2.302744,-0.919728,0.923407,1.352133,-1.447551,-1.040910,1.042504,-0.077590,0.296623,0.386717,-0.295672,0.587448,-1.201104,-0.698872,-0.096040,-0.114391,-2.009545,0,42.832655
-0.192442,0.509334,-2.334771,1.310149,-0.537818,0.364212,-0.022859,0.065739,0.493506,0.270391,0.197323,-0.148622,-0.555976,-0.367986,-0.100309,-0.034778,1.211620,-1.190046,-0.000703,-0.603579,0.245523,-0.430745,-0.677128,0.360845,0.916757,0,53.658333
-0.998517,-0.722354,-0.685311,-0.364449,0.434557,0.350268,0.795781,1.268360,-0.913427,0.343659,-0.313700,1.000277,-1.193315,-0.326301,0.503535,0.433572,-0.618342,-0.296936,-1.560245,0.400179,-0.876350,-0.651218,1.016835,-0.954791,2.016850,1,34.995274
-0.217884,0.536701,-1.059194,-0.422538,-0.502985,-0.412573,0.320560,-0.816590,-0.943412,-0.361322,1.364433,-0.495778,-1.182362,-0.830205,0.733514,0.490286,0.759645,0.752429,-0.084259,-1.602431,0.349709,-0.232039,1.248112,0.298203,0.839909,1,53.244683
-0.214945,-1.497265,-1.155175,0.679989,0.846091,-0.311765,-0.673990,-1.152588,1.096030,-0.530152,-0.547896,0.718343,0.349799,-1.237821,-0.650540,0.352467,0.069917,0.641299,0.315984,-1.731293,-0.405897,-0.568742,1.814109,0.551543,-0.167632,1,37.643633
-0.940279,0.471680,-0.486119,-2.140696,-0.247707,0.708236,-1.625023,1.387927,-0.186492,1.235906,0.425745,0.815713,-0.737207,2.814793,0.687184,-0.222387,-0.196656,-1.634021,-0.515445,-0.718904,-0.505684,0.592254,1.365863,-0.611061,0.849574,1,47.808385
1.837623,0.905288,-1.501745,-0.926124,0.842439,1.370494,-1.544881,0.274500,0.615522,0.087543,-0.188722,0.335734,0.540618,1.071051,1.068641,-0.251825,0.361326,-1.108142,0.678886,0.235233,0.205398,-0.296766,-0.520057,0.230438,1.866820,1,79.911539
1.419970,-0.342949,-0.439612,-0.198675,-1.799415,0.488457,0.387556,0.294252,0.099166,0.452302,-0.612294,1.853498,-1.058853,0.483179,0.289573,0.509743,1.340602,1.453898,-2.307406,-0.505797,0.189629,0.224137,1.815002,-0.103660,0.101981,0,63.233128
-1.490884,-0.200260,-0.339923,0.799195,1.763972,-0.146566,-0.006432,1.283502,-0.151053,-0.113226,-0.282870,-1.849446,-1.054356,0.072022,-0.265193,0.467372,-0.179204,1.000107,-0.333763,0.808327,-1.535638,-1.012066,0.228046,-1.253650,-0.448750,0,44.412197
0.419823,-0.964777,-1.721024,-0.310910,0.060524,0.087803,0.592793,-1.350230,0.230116,0.536300,-0.716710,-0.072273,-0.040740,0.090020,-1.073226,-0.995346,-0.257018,-0.949539,-1.322977,-1.011598,0.956032,-0.011743,-0.718847,-1.042599,-0.475380,1,56.124464
-0.471733,0.796079,0.132950,-0.171452,-1.224160,-0.943524,-0.831259,0.258451,-0.332111,-0.098644,0.201175,-0.297530,0.912455,1.554999,-1.875959,-0.394203,-0.025660,-0.355794,-0.181460,-1.289845,-1.959533,-1.402279,1.379388,0.647443,2.330509,0,36.445375
1.257263,0.290100,1.882402,-0.705278,-1.166914,1.057559,-1.130746,0.185425,-1.826995,0.659963,-0.714902,-0.101470,-0.132443,-0.854841,-0.209067,0.978579,-0.151627,-0.327875,1.750511,0.063059,0.855564,-0.563715,-1.578978,0.001038,-0.941868,1,78.143770
-0.316356,0.591966,1.226254,-2.476179,-1.145407,-0.286286,1.288194,-0.903944,0.706842,1.085351,-0.508933,-0.036159,-0.667213,0.153681,0.159448,-0.967072,-0.858955,0.467104,0.549403,0.783260,-1.265997,-1.111217,-1.275365,-0.993697,1.130175,0,31.932832
-0.715637,-2.103919,0.342479,0.377287,-0.315107,1.866236,-0.127428,-0.936894,0.572554,1.063803,0.350624,2.914328,-0.538735,-0.898102,-1.379245,-1.514762,0.992636,0.770111,1.432509,-1.020703,0.306647,0.398524,-1.377488,-1.351051,-1.519210,0,42.739699
-1.047284,1.231140,-0.420872,0.732074,-0.709591,0.057997,-0.352190,-1.563619,2.170550,-1.238494,0.751025,0.210479,-0.166510,2.409932,-0.222326,1.387465,-0.260889,1.134901,-0.761658,-2.223320,0.345302,-0.798739,-1.553020,-1.065434,0.822911,1,40.336208
-1.022906,-0.139354,-1.052092,-0.733473,1.281434,-0.826898,-0.172532,1.299962,-0.232589,-1.996696,-1.633761,-0.426214,-0.023835,-0.011243,-0.228357,0.248982,0.103303,1.245127,-1.121661,0.326739,-1.185675,-0.253267,1.147136,-0.315887,-0.659395,0,36.867775
-0.566980,-2.081783,-0.468323,-0.495787,-1.618363,-1.664702,-0.440392,1.572196,0.816640,1.341538,-0.254794,-0.964872,0.059952,1.543467,0.241823,1.498851,-1.392217,-2.169571,-0.310101,-0.227516,-0.429168,-0.550759,0.032858,-1.581907,0.719061,0,28.373268
2.100755,0.967494,1.425792,-2.403966,1.918802,-0.238823,0.404644,0.505375,1.061079,-0.493217,-0.076335,0.329570,1.363750,0.330746,-1.421256,-0.344295,0.759291,0.611315,0.459670,-0.287898,1.008272,-1.077651,0.083159,0.593969,0.781108,0,82.773716
1.763126,0.307624,0.130108,-1.658562,0.737977,1.097399,-1.031754,-0.690449,2.204190,-1.048063,-0.728681,-0.219716,-0.498546,-0.601004,-0.288093,0.674237,-1.433067,-1.521416,0.308375,-1.132489,-0.185710,-0.864324,-0.431295,-1.872547,-1.753185,1,86.666811
0.287648,1.190650,0.029052,-0.585641,0.882430,0.008906,0.943168,-1.755627,0.619077,1.068016,-0.680297,-0.464225,0.766336,-0.428331,0.999367,-1.070739,0.704815,-0.111284,-1.763991,0.397955,-1.215706,-0.123504,-2.027392,-0.912371,0.474359,0,55.770004
0.895980,0.773495,-0.610363,2.938613,-0.084699,-0.198523,0.893088,1.232491,-0.258756,-0.214666,-1.165599,1.434416,1.113254,0.127540,0.959844,-1.649655,0.813326,-1.754561,0.116395,0.512374,0.146196,0.525675,1.644619,1.158099,-1.893256,0,62.065902
-0.287556,1.630328,0.059293,1.027906,1.050949,1.290084,0.405414,1.914600,0.026520,1.017261,2.443702,-0.067733,-0.204746,1.375778,-1.188547,-0.167513,-1.141028,-0.249812,-0.431985,0.926836,-0.252898,-0.301819,-0.159681,0.332907,-0.350028,1,65.757707
1.600521,-0.844937,0.186801,0.205161,-1.859349,-0.148715,-0.232921,-0.051264,1.401769,-0.404997,0.200442,0.608246,0.870670,1.372066,-0.183648,0.479696,-0.116561,-1.191722,-0.692143,0.556925,-0.822588,-0.009386,-0.223540,-0.551021,1.841156,1,60.382431
0.004255,1.545256,-0.560600,-0.967406,0.076275,-0.618223,-2.956708,0.950583,0.742457,1.114305,0.086662,-1.521588,0.417455,0.286955,0.303721,0.010366,-0.101466,-0.239368,-0.050690,-1.221309,0.314572,-2.101776,-0.890239,-0.277330,1.022170,0,53.050219
-0.409778,0.508702,-0.921789,1.149076,0.766292,0.347907,-2.006739,-2.376453,1.350334,0.567555,0.620939,0.209177,0.054286,-1.978657,0.916982,1.017436,-1.452139,0.889402,-0.780998,-1.018565,1.955233,0.604497,-0.266161,1.676977,-0.070399,0,53.315947
-1.403018,-0.085513,0.207420,-0.011291,0.377874,-1.741834,0.575408,-0.179616,1.180693,1.799263,0.933046,-1.069079,1.302941,1.726353,1.506478,-1.217924,-1.656056,0.329117,-0.412561,0.724241,-1.665961,-0.103320,0.172057,-1.184511,-0.544386,0,36.287136
-0.908293,1.382141,0.814520,0.789255,-0.304657,1.949692,1.349689,0.113452,0.347662,-0.490344,-0.461799,-0.534118,1.072483,1.244604,-0.602439,-1.350382,0.307655,0.927063,0.646783,-0.790954,0.618352,-1.060649,0.524957,-1.419696,0.613312,0,53.073503
-0.285161,1.205204,0.159065,-0.270704,0.554183,0.406793,1.077693,0.950556,0.089650,-1.002698,-0.933794,-0.682096,0.813881,1.609397,0.195356,1.638203,-0.319538,1.117329,0.776374,-0.902895,0.385336,-0.816881,-0.653023,-0.877758,-1.734289,0,55.390040
1.658679,0.355487,0.588496,-1.193580,-1.135425,0.667150,-0.005141,-1.401118,1.503557,-0.936003,-0.404504,0.858362,1.231364,0.110766,-0.859334,0.575310,-0.135607,-0.539227,0.650057,1.173142,-1.537475,0.639757,-1.879185,1.229407,-0.276322,1,73.928838
1.050676,0.415731,0.523410,-0.039869,-1.171430,-0.967493,-2.259277,0.651338,-0.658853,1.505653,0.229054,1.089785,-1.071582,0.830870,-1.678206,-1.350549,-0.439085,-0.517815,-0.274092,-1.526975,0.951047,1.653402,0.896940,0.024062,-0.677070,0,61.128677
-0.333953,0.367637,0.515778,-0.206305,0.438408,-0.682014,1.246978,-0.004071,0.335461,-0.308916,1.632950,0.096136,-0.501345,0.251701,0.094750,-0.206344,-0.989887,0.976438,-0.294681,-0.802584,0.924552,-0.572413,0.183748,-0.841075,-0.283103,0,56.422943
-0.366358,-0.074641,-1.410852,-0.076378,-0.109155,-2.417002,-1.256153,0.070317,-0.087759,-0.935077,0.151164,-0.473145,-2.031509,-0.651548,0.316442,-0.147948,-0.598964,0.333769,1.421425,1.435466,1.276737,1.055385,0.900977,0.350744,1.290083,0,44.358210
1.358482,0.853251,0.946613,-2.318367,-0.782188,-1.937718,0.017499,0.201947,0.527630,1.439762,-0.186858,-1.819567,0.080096,0.327075,-0.227638,1.222242,0.077945,0.935033,-0.393396,-1.025572,1.559046,1.153885,-0.812792,-1.131040,1.300571,0,60.551857
0.189321,-2.315038,1.263374,0.839874,-1.335832,1.341230,0.540001,-1.780815,0.858919,1.242912,-0.026260,1.322816,-2.228243,1.435516,-1.949146,0.105183,1.332325,-0.541857,-0.829347,0.722427,-0.443545,-1.534134,0.173226,1.230351,-0.629104,0,47.819695
-0.198787,0.342440,0.016893,-0.079007,0.363500,1.721128,-0.544226,-0.668938,-1.060716,1.349983,-1.259742,-0.366544,0.940672,-0.709397,-0.088909,-0.571585,-1.030920,1.954404,-0.854640,1.003606,-1.609773,-0.493371,1.421662,0.560510,-0.697472,0,59.102948
0.048382,-1.637700,-0.438039,0.112738,-0.924014,-1.450195,0.797740,0.222403,-0.584527,0.235419,1.682412,-0.130661,0.980452,-0.204606,-0.892130,-0.262752,-1.058437,0.654455,-0.333527,0.960884,-0.860265,0.174486,2.001160,-0.207227,-0.725783,0,44.240653
-0.290192,-0.296525,0.604271,-0.080980,0.378818,-0.300263,1.263425,0.004585,-0.557366,0.391614,0.442042,-0.970181,-0.458432,-0.304001,0.037910,0.606688,1.141978,0.827604,0.929380,1.152900,-0.998240,0.884550,-1.538455,-1.489983,0.527908,0,45.526258
-0.978120,-0.592175,-0.428940,-1.243423,-0.029453,-0.048455,-0.907298,-0.191365,-0.481117,0.931642,-0.526328,1.351026,-0.283298,0.126311,-0.388152,0.172896,0.012741,-0.327081,2.398642,-0.866555,2.142271,0.138540,-1.937046,0.441865,-0.245856,0,40.378201
-0.190017,-1.432394,-1.643442,0.094775,0.411825,1.547358,0.191382,-0.512395,-1.316312,-0.808414,-0.362815,1.859352,-0.417062,-0.617460,0.436017,0.412184,-0.729938,0.016683,1.739884,-0.414174,-0.590556,0.853073,1.594910,0.871345,0.715520,1,44.188085
-1.317370,-0.089538,0.619563,-0.554127,-1.447623,-1.118684,0.956642,0.306096,-0.303654,-0.111290,-0.985347,-0.320430,-0.698096,0.956545,-0.649175,0.568893,-0.290793,0.283861,-1.200611,1.548377,-1.147632,0.482687,-0.004070,-1.515419,-1.361248,0,25.563586
-0.523196,-0.512846,0.459730,-2.400675,0.232179,0.461937,-1.139987,1.236572,1.377147,-0.697896,-0.332193,0.280763,1.219464,0.052265,-0.527560,1.294361,1.062032,-0.853989,-0.625834,2.099606,0.966227,0.736163,0.456731,0.597056,0.176411,1,51.208986
-1.725537,-0.721345,0.655661,-0.190956,0.688878,0.610452,-1.457564,-0.793346,-0.136003,-0.589156,1.888279,1.019785,1.637698,-0.285343,0.817004,0.002309,1.512199,-0.563046,-0.176735,0.230118,-0.114752,-0.160951,-0.008877,0.722853,0.671753,0,33.612887
-1.022284,0.363492,-1.248450,0.089173,0.501502,-2.251418,-0.020361,-0.833318,-0.747610,0.703881,0.860294,0.276721,1.080430,1.590819,-1.516423,-1.003595,-1.171826,-1.830796,-0.120930,1.664157,1.825961,-0.109375,0.339619,-1.671377,0.458755,1,43.800861
1.142387,-0.766135,-0.940350,1.672851,-1.097236,0.516310,-1.112921,1.825604,-1.033349,-1.864905,0.087181,0.318328,-0.577798,-0.759252,-0.383304,-2.630077,0.358494,-0.495190,0.518998,-0.664165,0.248835,-1.207633,0.784629,0.198784,-1.746602,0,54.454001
0.592264,-0.758707,1.013789,-1.321574,-0.482462,0.867348,0.747259,-1.531429,0.632022,0.305601,-0.647973,-0.137891,2.539434,0.287024,0.814813,-1.316895,0.762854,-0.226605,0.621235,-0.953584,1.472812,-0.970923,-0.838916,0.068517,1.395943,0,53.987282
-0.200049,1.973416,0.753938,-1.597730,-1.114217,-0.620895,0.066895,1.523565,-1.617253,0.408282,0.933179,-0.354455,-0.301828,0.038875,1.240247,-1.353806,0.962486,1.328792,-0.792860,0.760621,-2.217542,-0.310346,1.190987,-0.670926,-0.788475,0,63.172294
-1.243072,-0.392707,0.728743,1.281963,1.088117,1.284455,0.375884,0.343412,-0.887209,0.321755,1.798670,-0.964582,-0.035382,0.312333,-0.978264,1.046872,1.515367,-0.589692,-2.021915,-0.466075,1.659136,0.022333,1.268185,-1.484309,-1.940232,0,40.758216
1.645832,-0.160405,0.504017,1.262955,-0.098719,-0.401709,0.848546,2.057953,0.422591,-1.943817,-1.585366,-1.021392,1.189463,-0.240187,1.109381,0.536065,0.348498,1.985666,0.501893,0.319310,0.346560,0.619228,-0.258837,-1.954294,0.475143,0,66.083802
-0.157605,0.739359,-0.610711,-1.321102,0.068629,-0.892593,0.029330,-1.974885,0.392569,-1.010184,-2.035734,-0.526364,0.884489,-0.761245,0.245410,-0.902310,-1.577757,0.309782,-0.801298,0.678169,0.084329,-1.861126,0.021905,-0.898780,0.825373,1,55.681641
-0.990196,-1.033640,-1.217412,-0.718866,-1.256004,-0.053038,2.559180,-0.998366,-1.271296,0.439168,-1.377074,-0.276102,-0.572728,0.398814,-0.816670,0.722964,0.097527,-1.181911,0.026635,-0.437616,-2.197536,-0.852569,0.775293,0.269681,-1.392397,1,28.744406
-0.945342,0.022220,0.377002,-1.134527,-0.089634,0.088690,0.918304,0.993144,-2.105762,0.862091,0.117269,0.954201,0.088295,-0.138088,1.388626,0.065244,-0.059989,-0.861794,-0.984613,-1.518786,0.576807,0.602918,0.089565,-1.415458,-1.145257,0,38.207706
-0.384202,0.796949,-0.779703,-0.963562,-0.714361,-0.915133,0.752292,0.644919,0.648675,2.521417,1.586827,-0.978236,0.613851,0.088285,-0.308331,1.324870,-1.827568,0.210414,1.104017,-0.385507,-0.038994,-1.093804,-0.075998,-0.231216,-0.178144,0,54.609955
0.102144,-0.272721,0.989565,0.860392,-1.289473,-0.315989,-0.282322,1.197191,-2.107709,-0.752830,-0.801109,-0.416482,-0.438396,-1.673903,-0.918512,-0.646963,0.467777,0.161514,-0.223741,-0.204317,1.231659,0.809996,1.216207,-0.917062,1.222210,1,53.285082
0.049814,0.376426,1.186855,-0.771173,0.708807,-1.021886,-0.535334,0.751250,1.821258,-0.952614,1.173164,2.490367,0.024732,-0.854136,0.676126,1.286425,-1.326499,-0.476282,-0.407018,-0.554768,0.020840,0.289616,-1.548890,-0.355033,-0.747137,1,59.991021
0.464484,1.000531,-0.457070,-0.107069,-0.231995,-0.527705,-1.437558,-0.646730,-0.552022,1.962892,0.206299,-0.709961,-1.167868,-0.785415,0.693628,-1.466472,-0.458695,2.483716,1.267149,0.000329,1.337369,0.070056,-1.275792,-0.550289,-0.315462,0,54.157744
0.649825,0.595856,0.903033,0.162957,1.328381,-0.630295,-0.300120,-0.331994,1.684337,0.228067,1.015890,0.216814,-0.019526,-0.859999,0.296292,0.471717,1.506097,-0.667135,0.612688,0.232547,-0.767724,0.775168,-0.391241,1.422206,0.023963,0,63.340043
0.681239,-1.500458,-0.026423,2.174342,0.182428,0.606354,1.480251,-1.713707,0.269060,0.139911,1.173452,0.554240,0.750819,-0.567556,-0.736681,0.159713,0.630651,-0.497742,0.571113,0.193844,0.229455,1.398902,0.004242,0.667328,-1.748384,0,39.732058
0.104685,1.127512,-0.418909,-0.281444,-1.633897,0.585446,0.053624,-0.267142,-0.536396,0.529659,1.295697,0.461635,-0.647552,-0.760808,-1.191322,-0.266209,-1.638684,0.542026,0.017868,-0.822602,-2.048946,-0.299855,-0.209086,0.450224,-1.607263,0,52.445625
0.471933,-0.171590,-0.366387,-0.680283,1.818764,-1.276669,-0.522444,-0.634798,-0.983196,-0.039311,-0.354678,0.101370,2.024606,1.006896,0.628326,-1.158840,-2.516659,-0.586821,-2.291798,-1.019553,0.321075,-1.433598,0.152793,0.105835,0.043225,0,51.683729
1.050818,1.979612,-0.717663,-0.525831,-1.164384,-0.734999,-0.654952,1.188930,-0.127356,-0.814465,1.445903,-0.561349,0.136219,1.195033,0.300045,-0.409543,1.571627,-0.106407,-2.582987,0.450660,0.283616,-1.130609,0.695871,-0.589645,-1.159349,1,70.630336
1.280568,0.485303,0.159374,-0.749852,-1.359837,0.381337,0.291278,0.121919,0.998277,-0.413618,-1.816202,1.267821,1.255350,-0.227901,0.470542,-0.618491,1.204503,1.136893,0.212060,-0.596304,1.051736,-0.913873,0.707640,-0.298771,-0.571275,1,64.461188
1.044602,0.105191,2.568934,0.459627,-0.541957,-1.391423,-1.173675,0.113423,-1.350471,-0.599661,0.074806,1.590555,0.786577,2.303498,-0.378815,-1.106537,0.509408,0.307175,-2.302806,-0.679454,-0.607964,-1.954375,-0.287895,0.205251,0.404440,0,51.752437
-0.053419,-0.832022,0.388880,-0.021264,0.426281,0.030381,0.771901,-0.179755,-0.263305,0.020610,-0.572497,0.656307,-0.842694,-1.858754,-0.968863,0.435296,0.490705,-2.290528,-1.163207,0.604280,-1.135897,-0.179218,0.988973,-0.120506,-0.554589,1,40.731595
0.375575,1.239137,0.165071,-1.350849,-1.818024,0.717117,0.615144,1.089712,-0.183368,-0.867295,-1.025020,-1.507911,0.453274,-2.189419,-0.076124,0.516209,-0.227632,0.074937,-0.340293,0.154041,-0.928076,-0.224461,-0.062206,0.022565,1.032037,0,52.971246
0.473383,0.761894,0.756716,0.209566,-0.389518,-0.154896,-0.315408,0.587688,-0.641438,1.017145,1.696701,0.285683,0.371880,0.095252,-0.609653,1.708397,0.092687,0.594853,-0.007334,0.407262,1.088112,0.413621,0.787998,-1.227430,-1.032923,1,65.419686
-0.627682,1.302036,-0.473777,2.604655,0.517811,-1.263388,0.165705,1.244971,0.053982,0.263039,-0.583539,-0.331923,0.075614,-1.241809,-1.085425,0.139257,-0.457922,1.199075,0.273235,0.833478,-1.699023,-0.524175,0.108036,0.269861,-0.186819,0,44.989291
-0.497105,0.960923,1.616759,2.311972,0.728605,0.294827,-0.506962,-0.309982,1.095859,-0.630434,2.134629,-0.284530,-0.728871,-0.553990,-0.563903,0.457479,1.473367,0.814623,-0.862045,0.842967,-2.672190,-1.061101,-0.160286,-1.050943,1.518324,0,56.940240
0.693550,-0.945379,-0.884738,0.183899,1.556982,-2.079616,0.900856,-0.587776,-1.443168,0.812765,-1.128449,-0.496490,-0.089028,-0.790933,0.309800,0.453939,-1.204531,0.609697,0.021893,-0.128515,-0.697043,1.510746,1.990427,0.489004,0.154871,1,60.643181
0.934792,-0.573529,-1.019766,0.657054,-1.166366,0.731158,-0.994633,0.658003,0.128934,-0.346406,-0.051812,-1.330803,-0.287708,0.670349,-0.427812,-1.264992,-1.414710,0.189345,0.371365,-0.281379,1.093423,0.562888,-2.106004,0.867172,-1.036656,0,48.993242
-0.695375,-1.435722,0.689756,1.336928,1.777504,0.431723,-0.025875,-0.374159,-0.655895,0.010616,-1.485651,0.206128,0.418630,-0.148367,-1.216035,-0.509484,-0.493254,0.574956,1.299204,0.684298,2.162510,-1.256544,1.160602,0.549812,0.503676,0,46.722296
0.580373,1.172195,0.092881,-0.409582,-0.008223,0.175317,-1.068580,0.669263,-0.125791,0.922110,-0.105421,-0.448113,-0.507512,-0.294136,0.172679,0.213100,0.271462,2.488781,0.039910,0.190100,0.326565,-0.827008,1.231891,0.320595,-0.417398,0,60.573663
-0.611937,0.278407,-0.114783,0.145746,-0.313692,-0.237903,0.581277,0.559306,-0.177682,-0.368661,-0.003070,-0.389079,-1.025017,0.669409,-0.079731,-1.936202,0.550727,-1.108671,-0.576070,-0.255052,-0.680883,0.335876,0.759400,0.685756,-1.345257,0,43.884728
-0.632693,-1.231220,0.602459,0.023386,1.549853,0.858962,-1.332919,-1.732099,0.677805,-0.179662,0.928576,0.096970,-0.622440,0.395261,-1.266508,-0.590312,0.242446,0.125949,-0.764569,-0.059665,1.184465,2.087012,0.492278,-1.421030,1.243034,0,46.940238
-0.112949,-0.652475,1.902725,0.333481,1.003002,-0.830316,-0.371739,-0.281624,-0.674735,-0.230154,-1.451696,0.577807,-0.940903,0.811740,-0.576984,-0.416324,0.652881,0.278493,0.098917,2.163362,-0.791824,0.447313,-1.378454,-0.244776,-1.083437,0,42.004060
-1.172191,-0.403272,-0.082710,-1.899773,-0.393006,1.113921,-0.253898,0.554968,-0.989280,0.231460,0.717207,-1.642271,-0.084788,-1.644069,-1.597646,0.035537,0.278705,-0.217612,-0.297134,-0.221661,0.126624,1.966995,-2.797387,-0.163599,-0.838278,1,40.039320
0.053926,-2.629105,0.178326,0.811792,-0.117300,-0.658947,0.912240,-1.067175,0.673299,0.464131,-0.891049,-1.370273,-1.797706,1.807368,0.168735,1.376457,-0.405649,-0.728181,0.224452,-0.323231,1.267573,-0.334155,-0.862404,-1.524816,0.076008,1,37.706320
-1.099281,-1.403274,-0.822470,0.640703,1.670629,-0.655138,-0.983562,-0.173385,-0.429763,-0.581656,0.304770,1.622933,-1.552338,0.482743,-2.360218,0.489117,1.795125,0.598527,0.196358,1.226685,-2.233692,1.640617,0.158254,-0.498167,1.477980,1,26.610670
0.663167,1.023385,0.365166,0.330694,-0.802754,1.869791,0.390097,-0.220449,1.328776,0.240772,2.108892,0.059168,-0.274505,-1.099762,-0.261000,-0.006130,-0.670299,-0.265481,-0.042494,0.853764,2.143811,-0.488607,1.020855,2.056075,0.234327,1,70.101888
-1.574898,0.341730,-0.317460,0.366466,0.423638,-1.059227,-1.111898,-0.126064,0.388027,0.968946,0.565415,0.456985,1.605194,-0.069093,0.478165,0.254616,-0.380060,0.564510,0.202060,-2.347315,-1.688618,-0.054478,0.943945,1.723922,0.024125,1,40.606548
0.197969,-1.085468,0.830002,-0.493723,-0.620399,0.891799,0.058649,0.799047,0.443897,0.682554,-0.649075,-1.133886,-0.454665,0.206954,-1.094577,-0.472408,1.323491,-1.095298,-1.185488,0.754107,2.071458,-0.496560,-0.534908,0.908402,-0.216134,0,49.616396
-1.395674,0.204314,-0.820221,0.941393,0.131868,-0.620870,0.841682,0.338423,0.342701,1.911855,0.477217,-0.881052,0.357103,-1.746257,-1.353411,1.119902,0.156824,-0.480211,-0.310482,-1.195488,1.506047,0.748452,-0.275830,1.108071,1.095704,0,29.751158
0.650012,-0.816292,-0.683978,1.102886,0.117075,0.236023,0.914394,-1.850751,0.395430,-0.559943,-0.891505,0.108663,1.286013,-0.760671,1.884179,0.748775,0.656675,-0.675226,1.214835,-0.645327,1.838827,-0.866560,0.312923,-1.346539,-1.093142,0,47.619138
1.411316,-1.783727,-0.474702,-0.972377,-0.471321,-0.244612,-0.749540,1.171910,0.054501,-0.070396,-0.834925,0.170219,0.574366,1.133826,0.804614,0.530725,1.308608,-0.669948,-0.675710,-0.851973,-0.905869,1.094284,2.350107,-0.506309,0.669329,0,55.286103
1.286257,0.225134,-1.245204,-0.499709,-0.688457,0.397602,-0.188475,1.045770,0.461454,-0.505701,0.073763,-0.054897,1.633773,0.704571,0.220632,1.007507,-1.630440,1.414421,1.242802,-0.220976,-1.026389,-0.062742,0.566097,0.952285,0.652685,0,64.951063
-0.635959,-2.180202,-2.056123,-0.714492,-0.000473,1.753738,0.150192,0.087668,-1.402828,-0.823796,-0.931901,1.102936,0.013121,-1.127362,0.860451,0.663321,0.402483,0.723630,-0.364229,0.384722,-0.366961,1.667481,1.435990,1.220041,-0.288068,1,48.533742
0.127431,0.848250,0.427613,-0.439596,-1.544440,-0.882674,-0.074055,-0.440217,0.709441,0.735980,-0.709329,-1.963517,0.011373,-1.707836,0.692611,0.190962,0.189998,-0.592868,0.769594,1.248946,-0.336185,1.719534,0.904899,0.394597,0.593758,0,45.817171
-0.175684,-1.316590,-0.370768,0.544157,-0.915353,-0.404347,1.807011,-0.847862,1.200389,-0.772127,-0.407223,1.549482,1.014240,-0.809118,-0.092458,0.423464,-1.077007,-1.439029,-2.818526,-0.499359,0.283405,0.086683,-0.521979,-0.570711,0.065827,0,43.715942
-0.593884,1.278392,-0.231809,-2.215166,-0.749444,-1.668609,0.246059,0.610014,-0.336111,0.464102,2.159134,-1.346261,-0.429560,2.024849,0.913612,0.463368,0.560615,-1.291484,-0.776954,-1.216916,0.116352,-0.837416,-0.928026,-0.983758,-0.003668,0,50.752965
-0.431375,0.112647,-0.024082,-0.021199,-0.344460,-0.250191,0.679866,1.470508,0.395509,1.460447,-0.256188,0.968422,-0.174800,-1.925881,0.431592,0.534115,-0.395914,-0.752358,0.154076,-1.508037,-1.202313,-0.159520,0.533910,1.963571,0.304967,0,47.373891
-0.502065,-0.410217,-0.114476,-1.026015,0.633639,0.331074,-1.202327,-0.075533,0.207122,-1.903323,-1.401646,-0.012386,-1.632271,-0.997513,0.308785,-1.784380,0.100704,-0.112161,-1.046602,-0.430184,0.576748,-1.154526,0.302555,-1.373658,-2.023840,0,44.429147
-0.371814,-1.963361,0.325388,-2.024618,-1.448088,-1.604794,1.063341,-0.672668,-0.542157,-1.144428,0.021374,-1.790706,0.070441,0.446876,1.365917,-0.340433,0.045123,0.512266,-2.503899,-0.336093,0.983826,-0.864960,-0.373430,-0.360387,1.091742,1,28.417639
0.747200,1.085272,-0.686026,0.754071,-0.189816,-0.761596,-0.221067,0.048043,0.345722,-0.680160,-0.018417,0.732795,0.015699,0.437607,-1.392931,0.846799,0.671614,0.182773,1.596143,-0.943986,-0.786994,0.074005,0.826660,0.004747,0.484246,0,60.328349
-0.834241,-2.078992,0.591043,-0.189319,-1.838651,-0.648170,-0.345147,-0.416433,0.831364,-0.342609,0.541377,-1.204235,-0.001616,2.529309,-0.527523,0.619543,-0.351488,-0.153035,-0.603536,1.107955,-0.788285,0.915333,0.055022,0.723360,-1.686334,0,19.042232
-0.293193,-0.981828,-1.727437,-1.677902,-0.214497,-2.541493,0.397137,-0.429899,-0.837715,-0.459323,-1.056717,-0.121030,-0.170115,-0.200730,-2.356066,0.319904,0.338781,-0.573510,0.271961,0.288542,-0.303455,-0.251459,0.298513,0.107770,2.021003,0,29.270681
0.291611,-0.104310,0.096774,0.377492,-0.503810,0.539883,1.431031,-1.377766,1.380456,0.931364,0.031941,0.772515,0.173689,1.282471,0.037157,-0.716963,2.000774,-2.001798,-0.442870,0.186857,-0.400338,1.642450,0.854375,1.574071,1.497612,0,52.509656
-1.221290,1.633154,0.657417,0.450681,0.644103,0.737847,1.482755,-1.051986,-1.652494,-2.469020,-0.356156,1.519433,-0.455131,-0.343005,0.239726,1.082724,-0.624501,1.523011,-1.645027,0.178983,2.634219,0.475155,-0.455352,1.097162,0.152774,1,55.099906
-1.178625,0.459650,-0.280670,0.372136,2.005913,0.010928,-0.471164,-0.955200,0.309010,-0.522187,-0.786627,0.242617,0.969112,0.288274,0.171745,0.074306,0.127526,0.291535,-0.366710,0.459570,0.881280,-1.429763,0.519721,-0.860442,0.903288,0,47.085421
-0.634315,-0.382130,0.354370,-2.022576,-0.314000,-0.011866,-0.685590,0.343589,-1.312967,-0.211265,0.354475,-0.069990,0.625150,0.362568,-0.502395,1.500116,-0.571890,0.111131,-0.374145,-1.590435,0.383778,1.408549,-0.012733,-0.820962,-0.579990,0,30.931968
-1.215427,-0.031934,3.039676,2.347350,-0.576314,-1.274131,1.480312,-0.952038,-0.339445,2.085414,0.661962,0.607809,-1.409805,-1.381848,1.603095,-0.481420,0.905362,-1.704575,-1.064413,-0.919845,-0.990852,-0.651771,-0.452133,0.423598,0.377041,0,35.189335
-0.610371,-0.762251,0.811528,-1.341599,0.087845,0.593308,-1.282066,-0.005427,-0.343864,0.434758,0.319349,0.744768,-0.276288,-1.746332,-0.423581,-0.462118,-0.130272,-1.312413,1.388094,-1.216062,-1.831315,-0.372356,-0.222125,-0.415631,2.466109,0,51.083972
0.773443,-1.178063,1.042579,-0.018729,-0.431742,-0.708623,-0.950198,-1.010173,0.394546,-0.791140,0.675767,-0.499714,1.680559,-1.107491,0.795328,0.842183,0.880087,-0.103509,-0.604471,0.531238,1.956645,0.392381,0.395844,0.906182,0.907195,1,60.549732
-0.642875,1.150368,-0.718337,-0.264830,0.016903,-1.502864,0.543417,1.262938,0.516260,-1.023139,1.054449,-1.096507,-0.892283,-1.620455,-1.105983,-1.538065,0.278434,0.669888,1.330247,0.747767,0.979330,-1.837760,0.123736,-0.885625,0.643559,0,54.678762
0.000256,0.534032,2.305033,-0.333803,1.153013,-0.421644,0.706637,0.113450,0.748170,-0.794939,-1.289711,-0.328324,1.473576,1.347021,0.029190,0.823754,-0.347803,-1.543766,1.274497,-0.385594,0.580495,0.482181,0.601116,-1.821901,0.257912,1,58.747410
0.687199,1.339946,0.668803,1.557220,-1.047492,1.668401,-0.757537,-0.418405,-1.330701,2.385945,-1.118839,1.301754,-1.454069,-2.079609,-0.153709,0.176909,-0.498954,2.076474,-0.281163,0.355330,-1.195008,0.080180,-0.485686,1.628509,0.377638,0,64.623312
0.593116,0.600224,0.801172,-0.003080,-0.964843,-1.734022,-1.329779,-0.130800,-0.714492,-1.129032,0.244354,0.547272,1.401548,1.649304,-0.516276,0.709617,-0.879537,-1.133762,-0.103812,-0.572567,-0.666474,-0.119386,0.443862,0.406004,0.956931,0,51.885037
-2.343269,0.559969,1.170921,-0.352840,-0.272830,-0.641989,0.199421,-1.251939,-1.081924,0.994870,0.582994,0.105493,-0.579777,-1.044351,-1.531262,0.594889,-0.420278,-0.041517,1.797648,2.297803,-1.098134,-0.230955,0.452269,1.210208,0.420167,0,21.768197
0.796967,0.644554,-0.315971,-1.159844,-0.655940,-1.173268,0.121927,-0.287302,0.463812,-1.173442,-0.942902,-0.054754,-1.472509,2.419305,-0.487500,0.749444,0.564917,2.514739,-1.584219,-0.106890,1.214225,1.240592,-1.366145,1.104762,-0.124765,1,55.060419
-0.926478,0.727321,1.137068,-1.381407,-0.951331,0.662337,-0.741797,1.632428,-1.281390,0.383005,0.261111,2.025979,0.985670,-0.913400,0.030135,0.497392,0.123445,-0.840332,0.348419,1.272997,0.882650,1.419698,0.369077,1.492707,-0.019793,0,38.672254
-0.936884,-1.709787,1.749318,-1.115552,-0.775626,0.620747,-0.451473,0.332891,-1.943655,-0.129295,0.405756,1.853962,0.522489,0.156892,-1.788157,2.259748,1.477946,2.105068,-0.826466,-0.425440,-0.397282,-1.578297,-2.273713,0.162297,1.234479,0,29.307866
-0.363509,-0.159535,1.446491,-1.124132,0.212193,-0.329924,-1.440229,0.795898,-0.178476,-0.092814,-0.171902,1.440693,0.801457,0.090546,1.041691,-1.197597,0.188766,-1.001352,-0.411903,0.630909,1.673457,0.575058,-1.417178,1.198410,-0.471181,1,52.602956
-0.857675,-0.396341,1.118828,-0.561942,-0.415869,-1.371138,1.682409,0.429872,0.666142,-0.589259,0.847073,0.688586,-1.259943,0.733030,-1.120187,-0.724647,2.288557,-0.213033,2.867397,-0.299836,0.140451,-0.673350,1.514538,-1.932795,-0.277225,0,43.202326
-0.926822,0.699100,-1.348635,1.397342,2.445881,-1.191103,0.384944,1.277743,0.097877,-0.449505,1.836451,-0.637465,-1.037402,0.531792,1.747305,-0.112473,-0.455146,0.004723,-0.346774,-1.153757,-0.241683,-1.409983,-0.439442,0.688981,0.064199,0,54.816902
-2.042952,-0.708014,-0.451057,-0.581418,1.375679,-0.342616,0.774146,1.184716,-0.243523,-1.294195,1.118594,0.512660,-2.128585,-0.111506,-0.883164,-1.076560,-0.684690,1.127304,-1.065113,1.029566,-1.688956,0.025453,-0.350175,-0.421639,-1.459130,0,30.593352
-0.658604,1.007079,2.172994,0.803225,-1.275724,-0.029938,1.202219,2.043693,-0.843361,1.513127,-0.637763,-0.542378,-1.137550,0.166331,-1.005562,0.791031,1.260738,1.174507,0.040384,0.291923,-1.435232,-0.602978,1.390101,1.360176,1.019876,1,57.567518
-0.242285,1.183496,-1.938976,1.462800,-0.571397,-1.857149,-0.415293,-0.373405,-1.439752,2.615018,0.708277,1.882572,0.721590,-2.410215,0.219852,-0.753462,1.081186,1.078667,0.876689,1.043377,0.157302,0.923110,0.063425,-1.300006,-0.112934,0,44.853370
-0.012150,-0.244123,1.559414,1.503935,1.446677,0.152199,-0.397244,0.129795,-1.337631,0.150534,0.474895,-0.700888,1.063133,0.196749,2.166398,-0.492943,0.840196,-0.934774,1.750853,-0.565835,0.279476,0.936728,-0.442729,-0.076655,-0.079160,0,47.831664
-0.590346,-0.304352,0.324448,-0.528934,-0.490109,-1.311293,1.815810,-0.107779,-2.083425,1.109342,-0.259783,0.482230,-0.578265,-1.667581,0.797191,-0.174521,0.729770,0.408287,-0.420607,0.501398,-0.923151,-0.250117,-0.033811,0.049597,-0.692088,0,41.375381
-0.133084,-0.259985,0.423907,1.312843,-2.256154,0.091322,0.603689,-0.455462,-0.928078,-0.389550,-0.417226,1.069111,0.775460,0.479011,-0.886651,-0.988151,-0.207705,-0.347489,-0.541435,0.259297,-0.273723,0.582467,0.169871,-0.514900,-0.679681,1,40.994890
0.717231,-0.438792,-0.136982,-2.320697,0.635608,-0.485548,2.554066,-0.296085,1.182431,-0.266077,1.537324,1.386238,1.506384,-1.399903,1.586405,0.192458,-0.285952,0.381908,0.563131,0.114440,-0.145224,0.128687,0.200078,-0.864686,0.142107,0,50.745632
1.658720,0.720272,0.485758,-1.637528,-0.207708,1.556875,1.029204,-0.395263,-1.373509,-0.635185,0.276143,-0.701147,1.879503,0.166937,-0.767304,0.528938,-0.997582,-0.734121,-0.516517,-0.642627,0.383638,0.135847,0.986427,-2.586303,-0.037582,0,72.134243
-0.021828,1.418235,0.133404,0.687659,0.549850,0.813810,-0.560999,0.961067,0.445198,0.940306,-1.536034,-0.386442,1.552084,-0.542939,0.852138,-0.661269,0.398879,-0.295733,-0.203746,0.406865,-0.217487,1.427984,1.196658,-0.617217,-0.183228,1,57.932388
-0.615767,0.083855,0.322733,0.589205,1.620122,-0.310981,-0.069182,0.907508,-0.106533,-0.316989,-1.076699,0.609313,-0.961878,1.205942,0.334000,-0.039001,0.176857,-1.708136,-0.742667,-0.072721,0.225718,1.137951,-0.609657,-0.542870,-0.363757,1,59.859959
-0.613382,0.772939,0.606472,-0.749334,-0.157290,-1.363106,1.236742,1.555805,-1.124126,0.679968,-0.195327,-2.373571,2.590185,-0.828202,-0.704403,-0.275539,-0.876080,-0.497090,0.563863,0.213379,0.337070,0.852240,0.107972,0.583229,-1.583825,0,46.464973
0.231418,-0.119415,0.343158,-0.705978,-1.453273,-0.714656,0.929019,-0.950351,-3.191966,0.651736,0.188703,1.337149,-0.796891,0.172308,-1.729803,-0.689097,-1.370620,0.997343,-1.095440,0.399383,1.082791,-0.003564,-0.914130,0.194438,-0.589365,1,50.221503
0.744571,-1.762798,0.595128,0.813763,-0.181432,-1.612090,1.200168,1.201078,-0.578458,0.592442,2.220172,-0.799984,0.606289,0.166487,-0.539889,-0.810116,-0.616406,0.453025,-1.360626,0.127494,2.452171,0.365529,0.181031,0.010369,1.462024,1,53.692954
-1.002707,-1.951152,0.637220,-0.247988,-1.305714,0.192837,-0.238648,-1.314236,-0.407984,-0.453326,-1.987183,0.083469,0.108242,0.104591,0.397040,0.959136,-0.790607,1.500454,-1.437279,0.222028,0.018939,-0.200540,-1.232831,-0.700813,-1.806311,1,38.111682
0.523593,-1.781617,-0.089060,-0.102759,0.300822,-0.789304,-0.367774,0.254926,-0.266681,-0.063581,1.353848,-0.570869,0.497479,-1.435660,-0.463424,0.926522,-1.010315,0.755341,1.963948,-0.078481,0.935517,1.445700,-1.486057,-0.252282,0.546116,0,47.240188
0.779445,-1.102924,2.251051,0.825580,0.552588,-0.862701,0.060353,-0.331554,1.040639,-0.739946,0.740899,-0.581975,-0.631993,1.659784,-0.731873,-0.889769,1.255822,0.152043,0.028050,-0.022100,-0.402114,1.570836,1.094093,1.395166,-1.029578,0,44.817314
-0.470931,0.074321,-0.626720,-0.924529,0.422093,1.119748,0.922182,-0.443209,1.680614,0.739744,-0.668734,-0.013838,1.087223,0.636158,-1.164924,-1.019505,0.488674,0.266928,2.133886,0.916253,-0.317765,0.006325,-0.490701,1.027905,-2.497556,1,49.729355
0.402364,-0.440622,-0.383008,0.726138,0.524221,0.057673,-0.023321,0.147633,0.244399,-0.824441,0.439183,0.231519,-0.025467,-1.034289,1.518003,-0.716841,0.516759,-0.746909,1.055637,2.225450,-1.530744,-0.290599,-1.188285,0.854205,-0.557983,0,57.460046
-0.576434,-0.889187,2.082753,0.579303,0.492446,-0.932531,0.680120,0.610968,2.087866,2.342412,0.842455,0.006279,-0.481158,1.592151,0.069272,0.904481,1.375352,0.902521,1.187719,-0.879160,0.966478,-0.616877,-1.412975,0.548365,-2.303030,1,28.622469
-1.807130,-0.921833,-0.551330,0.427499,1.184049,0.473314,-0.942134,-0.085522,0.677770,-1.375779,0.333580,1.320233,-0.186951,2.052533,0.782945,0.164810,-0.001897,-2.107888,1.107625,0.790532,-1.006408,0.106714,0.266044,-0.643091,0.479775,1,36.143312
-0.070237,-0.659265,-0.922436,0.602108,0.471799,0.948357,0.478952,-0.451699,-0.942490,0.017439,0.979076,-1.056372,0.247456,1.821931,-1.128242,-0.491552,-0.053078,-0.232045,0.042785,0.769105,0.337028,-1.230945,-0.890205,0.947077,1.730798,0,44.243105
-0.445742,-0.674796,1.571653,-0.694643,-0.117529,-2.057544,0.460435,-0.871020,-0.026717,-1.134052,0.839246,0.630536,1.178766,-0.936655,1.926545,-0.345854,0.676838,-0.670525,-0.314454,-0.273327,-0.660905,0.025449,-0.924049,-1.272405,-0.320862,0,37.269651
-0.380111,-0.170035,0.225018,-1.056713,-0.909409,0.893464,-0.988739,1.514941,1.028373,-0.876917,-0.886333,0.682874,0.333858,-0.486485,0.587887,-0.963926,-0.074752,1.234593,1.633445,-0.054033,-0.178058,-1.470121,0.742496,0.842448,0.383707,0,44.367673
-0.307941,1.649702,1.424544,1.233229,-0.638172,1.032444,-0.340174,1.986833,-0.317698,1.762866,0.054825,0.823768,-0.031248,0.616070,0.002562,0.035134,-1.964943,-0.966185,-0.298736,0.487835,-2.061563,1.463223,0.313918,-0.230800,-0.711534,0,52.271902
-0.578345,0.113004,-0.227022,0.393895,-0.142382,-0.104494,0.721811,-0.196667,0.007905,0.297850,1.339791,0.368357,0.222721,1.536563,0.290835,-0.634732,-0.695792,-0.903714,-2.056223,0.255199,0.643909,0.856973,-0.422496,0.427071,0.709855,1,49.891263
0.168167,0.575352,2.811534,-1.153691,1.081454,1.168833,-0.905824,-0.143658,1.365192,-0.080472,0.494338,0.492618,0.406752,-0.139018,-1.254142,1.869738,0.401841,-0.249171,0.180792,1.811749,-1.648798,1.997526,-0.647260,-0.086908,-0.174608,0,64.225231
0.183219,-0.193492,0.195513,-1.409011,-2.936883,-0.482093,-0.272025,-0.833449,-0.376681,0.142857,-0.143878,0.393445,0.638435,1.249240,0.106258,-1.238645,-0.924846,-0.797697,-1.056655,-0.617123,-0.507625,1.796442,0.190842,-0.387068,-1.122262,1,41.999494
-1.427965,1.343747,-1.324480,-0.695163,0.702464,-0.878606,-1.196003,0.085943,0.129652,2.618308,-0.714577,-0.111685,0.104227,0.807604,-0.064783,-0.129461,0.566252,-0.373237,0.187225,0.287129,0.179846,-0.911966,1.824516,0.978983,-0.782595,1,54.982200
-1.431920,0.858821,0.896491,-0.223597,1.506608,0.811931,-0.317123,2.330654,-0.347802,0.234782,-0.310603,0.922754,-0.206849,0.605312,-0.242126,-0.389886,-0.634074,-1.575377,0.197609,1.712806,1.097902,0.903684,-0.395535,-0.163254,-0.328371,0,50.586345
-0.406914,-2.250612,2.407847,-0.989760,-0.975361,0.081176,1.294692,-1.310060,-0.485899,0.021792,-0.515880,-2.030133,-1.233184,1.449291,-1.291178,-1.169631,0.455533,0.274709,-0.894778,-0.592656,-0.804979,-0.843687,1.186611,1.618900,0.300522,0,32.471216
0.559753,-1.097821,-0.635248,-1.037428,-1.347817,1.828875,0.374086,1.220484,1.771594,-0.622552,-0.449756,0.505966,-0.343929,-0.562712,1.116506,0.311798,0.860321,-0.241365,-1.200024,-0.231293,-0.200088,2.298150,-0.393031,0.164132,1.487595,1,47.938947
0.321257,1.565772,1.160754,-0.668265,-0.755783,0.866538,0.362541,-0.183271,0.550311,-0.468608,-0.854790,0.287509,0.561665,-0.461908,-0.850749,-1.482473,0.858931,0.158001,-0.523618,-0.309734,-0.070647,-0.829623,1.108620,-0.160291,0.075769,1,63.781233
0.606716,-0.415230,-1.006664,-1.440201,1.067179,-0.540568,-1.370103,-0.897576,1.478433,-0.522489,-1.456658,0.548430,-0.681027,-0.185193,1.051593,-0.283433,0.995916,-1.482122,0.052376,-0.096711,1.285433,-0.367513,-0.749982,-0.650974,-0.493327,0,53.930305
-1.202233,0.787331,1.644674,0.375103,1.407712,-0.286935,0.675970,0.611631,-1.792555,1.049694,-0.038962,-0.399730,-0.271765,0.278920,-0.741652,-0.277987,-0.529290,2.141047,-1.311219,-0.201358,-0.123108,1.525763,-0.936159,3.640360,1.866599,0,56.202005
-2.310087,-1.770555,-0.889063,-1.247858,-0.560214,1.506596,-0.212039,-1.499295,-1.442095,1.098271,-1.213874,-1.475862,-0.223816,1.277583,-1.593228,1.675392,1.539755,-0.324498,0.793686,-1.900845,-0.040975,-0.900430,1.843310,-0.150624,-0.452594,1,13.344071
-1.191974,0.570370,-2.064393,-2.408018,0.755969,0.095747,0.166781,-1.597849,-0.530447,0.554178,0.871820,0.516761,-1.198632,-1.589698,0.162726,0.725694,-0.887586,0.755610,1.371020,-0.214981,0.158905,0.344144,-1.106819,0.911233,-0.093676,1,34.998603
2.355878,0.630744,0.619790,0.115796,-0.567171,-1.021124,1.659980,-0.837808,-0.457039,0.731433,0.292506,-0.182709,0.677996,0.190015,-1.524326,0.331491,0.011009,-1.293334,0.641237,-0.370672,-1.818423,-1.576186,-1.163725,2.257921,-0.037512,1,79.475525
1.382213,-1.140067,-0.334787,0.808237,-1.702533,0.497358,0.016296,-0.344518,1.622839,-2.610841,-0.301302,-1.086101,-0.317176,0.351906,-0.707810,1.244533,-0.281668,-0.429174,0.405311,0.801761,-1.163837,0.508181,-1.644081,0.655779,-0.555488,1,56.444599
-1.205965,-0.120466,-1.192837,-0.531726,-1.079428,1.321076,-0.131117,1.190534,0.391263,0.117486,-0.183924,-1.169367,-0.191690,0.695608,-0.559400,0.664344,-0.327928,-0.769567,-0.206336,-0.837081,0.503806,-0.031273,0.400814,-1.321994,-0.237006,0,35.620102
0.677415,0.426757,-0.602845,-0.831749,0.229852,-0.203722,1.037351,1.216482,-1.626453,0.412678,0.841531,0.517629,-0.372784,2.131823,-0.168799,0.075098,0.300451,0.327383,0.324521,-0.346780,-0.756828,-0.045166,0.063185,0.254597,0.112185,0,60.416791
-1.603652,0.569545,1.116102,-0.772423,1.037345,-1.288181,-0.451403,-0.601553,-0.924666,0.980523,-0.579678,0.228737,0.312945,2.508072,-0.011279,0.449358,0.688857,0.727053,0.321706,-0.032284,-0.096314,-0.433765,-1.082467,-0.458337,0.942160,0,37.278993
0.126485,-1.165667,-0.172274,-0.051457,-0.785945,0.470628,-0.692100,-0.247512,0.204941,-1.383865,0.072320,-0.112831,1.181394,0.667849,2.409344,0.862536,0.888424,0.702241,0.093278,0.754221,0.059627,1.470342,0.301278,0.341183,-0.165260,0,52.870999
-1.056729,-1.234138,-0.551799,-0.367360,-0.439008,0.490920,-0.307432,-1.117880,0.328567,-2.204819,-0.259636,-1.136662,0.963418,-1.708415,0.996732,-1.219188,-1.273155,-1.087941,1.614851,-0.453723,-0.167173,-0.503065,0.348083,0.717773,0.829909,0,37.362987
-0.044168,0.800388,-1.040474,1.558708,-2.522282,-1.776577,0.139200,0.391875,-0.814705,-0.361039,-0.760993,0.501021,0.314081,-0.408793,0.184094,1.654348,1.063068,-1.459072,0.486757,-0.215238,0.941500,1.073116,-0.193132,2.218851,-0.920275,0,47.178321
1.138945,-2.280572,-0.037995,-0.347573,-0.341678,0.776919,-0.585472,-0.059725,-0.575049,-0.663083,0.152570,-0.861231,-0.654412,-1.463690,0.510900,-0.007461,1.141805,0.717665,-0.337716,0.216774,-0.187574,0.338300,-0.684681,-0.620938,-0.089755,1,51.453668
0.706828,-0.942513,0.306523,0.133984,1.443583,-0.077740,-0.477642,0.784951,0.558680,-0.548979,2.479544,0.832282,0.863042,0.001922,1.035992,-1.031544,-0.311164,1.156342,-0.066708,0.349352,-0.508648,-2.277123,-0.700848,-0.324244,0.409437,0,51.823995
2.075319,-0.215287,0.016076,-1.144916,-0.102119,-1.300299,0.240496,-1.771188,-2.109151,0.304057,-0.130611,0.876395,-1.856594,-1.464630,-0.010859,0.674269,0.974530,1.989988,1.246938,0.922919,-1.154040,1.054551,1.707788,-0.285326,0.666189,0,63.243561
-0.241068,-0.355468,-0.166193,0.775045,-0.856995,-1.480737,-1.008403,-0.221315,0.187020,-0.743328,-0.577319,-0.435994,-0.055183,2.350533,0.683573,0.416466,-0.034349,-1.648618,1.615598,1.932587,0.008429,-0.675317,-3.287948,0.889799,1.046723,1,39.236472
0.383873,0.200566,0.081034,0.172408,-0.844899,-1.314392,-0.330615,1.311112,0.633958,-0.675067,0.724523,0.745232,-0.095954,0.306309,1.601552,0.799136,-0.254525,-2.607236,-1.683736,-0.049214,0.985789,0.327509,1.707288,-1.108235,-0.248538,0,50.413328
-0.219871,0.920526,-1.133519,-0.857790,0.222300,-0.254584,0.055794,1.291506,1.601238,0.928920,0.728614,0.785568,1.884510,-2.209754,-0.970525,1.020225,-0.888074,0.156886,1.228539,-1.110054,-0.142217,0.274688,0.398161,-0.499070,0.256619,1,46.763139
-0.253146,-1.470419,0.574803,-0.466197,0.002748,0.279284,-0.123456,-0.524225,1.348159,1.273936,-1.372356,-0.367994,-0.687383,0.057282,0.269457,-0.547135,-2.417708,0.190545,-0.976705,-0.556210,-0.395297,0.663446,0.153903,-2.004133,-0.232884,0,41.386467
0.183518,-0.339044,-1.064889,-0.607406,-1.568722,0.890291,-0.145596,0.089428,-0.538259,1.075352,-1.061036,1.881393,-0.082884,0.367284,0.823067,0.600782,0.269256,-0.210474,0.700999,-0.911052,0.628818,1.537505,-0.322364,0.845073,1.486001,1,55.765849
-1.431666,-0.541371,0.849421,-0.517115,1.566156,-0.633187,0.868762,1.613947,0.050095,-0.125392,0.549490,-0.702698,0.372435,-2.576598,1.419422,-0.310834,0.554173,0.122432,0.177007,-0.853026,1.617797,-0.812615,-1.436445,-1.241885,-1.641567,0,31.887484
0.657719,-1.767601,-0.538880,0.230507,-1.229255,-0.303305,-0.737533,-0.551108,-0.909530,0.227671,-0.110553,-1.038378,-1.184954,-1.592152,0.292397,0.068153,1.457336,0.054115,0.547960,1.522751,1.604175,0.625183,0.343749,0.702428,0.591377,1,47.393756
-0.854445,0.886049,0.277027,-0.087439,-1.726101,-0.010699,0.160701,0.748335,0.991720,-0.837662,-0.862528,0.354618,0.837423,-0.340201,-1.285189,0.112188,-0.527900,0.444740,0.583596,-0.108357,-1.989232,-1.337506,-0.094638,-1.006211,-0.354594,0,32.456452
0.884339,0.570523,-1.238276,1.487237,-0.854424,0.414501,0.524854,-0.080403,1.556288,-1.456918,0.536189,0.018925,-0.508446,1.547733,1.085975,-0.376081,-1.478445,-1.666132,-1.162270,0.675070,0.270281,-1.345165,0.693090,0.211666,-0.739919,0,69.106466
2.025000,0.252043,0.639102,-1.365214,-0.965388,-0.104385,-0.494743,0.653377,0.258779,0.080856,-0.360367,-0.301186,-1.026038,0.396397,-0.844706,-0.543398,1.926572,-0.807093,-0.568776,-0.530146,-0.770937,1.002823,-2.708568,2.420717,-1.747499,0,64.715383
0.145054,1.388899,0.038330,-0.818317,-0.183197,-0.465003,-0.514202,2.155659,-1.503876,0.763676,0.625586,-0.939077,0.282410,-1.410872,-1.196436,-0.849466,0.653023,-0.453096,-1.173207,-1.444492,-0.020636,0.250882,0.044413,-0.693015,0.151475,0,44.316150
2.212556,-0.661770,0.729505,1.714783,-0.136824,-0.610999,-0.175686,-0.326500,-0.900259,1.335208,0.290578,0.359440,-1.310001,0.580215,0.335358,-0.325275,-0.438321,2.067134,0.161149,1.254068,-1.726993,2.403236,0.788707,0.961646,-0.109708,0,68.493234
-0.988221,-1.156365,1.194761,0.618823,-0.891292,-0.064190,0.036045,0.044197,-1.143565,-0.743273,-1.973143,-2.286321,-0.016835,0.781631,-0.537352,0.790603,0.228545,-1.933436,-0.607820,-0.749223,0.492275,-0.689908,-1.735337,-0.198390,-0.602461,0,26.698653
0.039919,-1.250614,-0.217477,-1.049377,2.075725,0.094920,-1.403094,-0.115554,2.023386,0.839696,-0.676003,-0.592365,-0.487873,-2.257790,-0.613855,-0.109711,-1.116671,0.032571,-0.027306,1.884064,-0.119625,2.491083,0.167791,-0.480007,1.012388,1,55.158649
0.670820,-0.072145,-1.606719,1.453035,-0.525018,0.463504,2.009558,-0.777332,-0.256923,-0.291938,0.492661,-1.815817,-0.062074,0.764456,-0.522855,-0.478211,-0.119775,-1.033955,-0.785958,-0.067824,-0.931164,-0.828613,-0.071108,0.681406,-0.679587,0,60.587734
0.014695,1.839019,0.124217,1.103622,0.039327,0.210966,0.444987,-0.385809,0.200650,-0.770941,-2.286560,0.939255,-2.932472,-0.067368,-1.544045,0.313296,-0.964225,1.138479,1.121341,1.052817,-0.762954,-0.536371,0.373594,1.119614,0.306601,0,59.627085
-1.609910,-0.114570,-0.455041,0.564968,-0.693709,1.492014,0.148188,0.475725,-0.525795,-0.980201,-0.978564,-2.184111,-0.261805,1.600101,0.701827,-0.933959,0.162256,0.343412,1.982903,1.080950,-0.169189,0.293134,2.332346,0.082745,-0.057105,0,37.503024
-0.146562,0.326049,0.654822,0.502303,0.320891,-1.158699,-0.334418,1.016679,-0.680078,1.027203,-0.340624,2.096872,-0.552368,0.190406,-0.574021,-1.732813,1.516194,1.164299,0.888144,2.673469,-0.425212,1.041564,2.607294,0.874929,0.223729,1,58.251331
-0.318501,-1.037530,-1.219199,-0.600157,0.058514,0.548028,1.045296,-2.033877,0.733502,-0.598215,-0.933528,-0.227718,1.224194,-0.550415,0.061325,-0.558712,-0.376106,2.135532,0.237939,0.865487,0.106323,0.530013,0.809294,-0.827723,0.529116,0,37.567646
0.773036,0.127269,-0.437276,-0.798841,-0.140695,-0.635385,-0.834062,0.294374,0.016479,1.118932,-0.262546,-0.746469,-1.060207,-1.756254,-1.901846,-1.143809,0.011689,-0.741500,0.586112,1.316419,-0.719486,0.847483,1.370369,0.290939,0.507865,0,47.898586
-0.812593,1.531397,-0.152806,1.404056,-1.446162,-0.265498,0.955002,0.170341,-0.446682,-1.213546,1.196424,0.644764,-0.067517,-0.825745,-2.124850,1.491995,1.256104,0.599341,0.787428,-1.361065,-0.304904,-2.106688,-0.213244,-0.543864,0.579277,1,42.370989
0.813353,0.226119,-0.684965,0.753567,1.869645,-0.323238,-1.196217,-0.368481,0.984762,1.937328,-1.731371,-1.161469,0.968740,-0.542026,1.830828,1.921581,-0.561319,0.506176,0.657994,-2.368661,-0.066909,-0.918218,0.075681,0.500848,0.312238,1,69.203325
-0.700155,1.125931,-0.617243,-1.802756,0.169242,0.938962,-0.839084,0.871465,0.653095,2.197779,0.402783,-0.210243,0.168769,-0.383981,1.148984,0.704969,1.015648,-1.019485,-0.322636,-0.324731,1.156305,-1.068071,-0.508703,0.927999,0.119608,0,55.940985
0.510126,-0.220514,0.490901,0.769812,-0.177209,-0.939328,2.457560,0.274221,-0.404137,0.224592,0.700149,1.309596,1.455053,-1.432176,-0.548435,-1.096457,-0.068040,-1.157120,2.006896,0.596434,0.050387,0.522360,-0.823541,-0.719412,-1.239473,1,58.760444
0.912535,2.255507,0.144679,-0.999200,-0.346403,1.446229,1.906174,-1.300386,-1.334213,0.229361,0.569902,-0.729797,0.218875,1.723788,1.468217,-0.282535,-0.410629,-0.032237,-0.834618,-0.487000,-1.175505,0.748703,-1.243491,-0.041280,1.333161,0,67.859498
0.245213,-0.297441,-0.525041,0.803008,-1.534705,0.080542,0.865154,-0.639883,-1.509273,0.245399,-1.012247,-0.895334,0.005697,0.726425,-1.418563,-1.822931,-1.000441,-2.749810,-0.918316,0.484874,0.868163,0.573303,-0.204002,0.490024,0.772647,1,48.288023
0.061256,-0.393517,-1.692413,1.750724,1.085818,0.719444,-1.645307,-0.173098,0.062811,-2.418396,0.467180,-0.620685,0.075697,0.758016,-0.219475,0.030472,-0.905953,0.617925,-0.593764,-0.983381,-0.048031,-0.520261,0.876406,0.568616,1.820487,0,47.415210
-1.127310,0.014676,1.084969,-0.605238,0.540454,-1.778145,0.292169,-0.791539,3.322374,-0.318044,1.035262,1.253907,1.153199,-0.610304,-1.926989,-0.004332,-0.085649,-0.468216,0.656276,-1.867020,0.400970,-1.622866,-0.003382,-1.393339,-0.938047,0,35.801905
0.953206,-0.545883,-0.735572,0.400818,0.584325,-0.701958,0.592689,0.443772,0.819215,1.157302,-0.775998,0.754288,2.806987,-1.587563,0.771440,-0.286616,-0.755805,-2.175490,-0.865219,0.848413,1.386935,-0.529093,0.442811,1.495116,0.453512,0,46.440628
-1.073366,-2.129356,0.562989,0.521939,-1.205271,0.776904,-0.084443,0.967645,1.610466,-0.370234,-1.142237,0.899733,-0.775521,-0.150283,2.155143,-1.207287,1.206752,0.218483,-0.704001,-0.187086,0.771205,-0.278857,2.248309,-0.026512,0.362217,0,25.735722
0.252142,-1.221195,0.747075,2.624386,-1.161566,-0.200205,1.571524,1.077116,0.106867,0.675040,0.013202,-0.017540,0.092140,-0.527963,0.723433,-0.905886,-1.145457,0.313607,0.296636,-1.107237,-0.733967,-0.702739,-0.638544,1.113888,-1.226645,0,42.655970
0.270701,0.946611,0.220425,-0.694187,-0.710280,-1.790292,-0.024281,1.568566,1.619195,-0.378259,0.697147,-1.028037,-0.897038,0.023975,0.136730,0.271566,-1.376013,-0.808861,-0.520877,0.350374,0.756533,-0.873193,-0.383404,1.156849,1.857550,0,57.963329
0.733742,-0.075702,-1.011538,0.023081,-0.239520,1.374179,0.841559,-0.259618,0.933406,2.118455,-0.192594,1.066023,0.461450,-1.336024,-0.769403,-0.482395,0.489462,0.785432,1.698759,0.794202,1.263287,-1.211677,-2.519094,-0.627915,-0.426214,1,62.976947
-1.125068,1.621796,-2.808772,0.464218,-0.276133,-0.306098,0.458684,0.407268,-0.744517,-0.470058,-0.347312,-0.251089,-0.148760,-1.408776,0.761784,1.095077,0.385057,-0.908382,-1.211379,0.109979,-0.310857,-0.871667,1.170974,0.015193,-0.122971,0,48.926915
0.393972,-0.854719,0.631087,-0.893642,-0.937056,1.563218,1.211519,0.432249,-0.765772,0.627005,1.457489,0.364787,1.971638,-0.673084,1.130616,0.168524,-0.052784,1.462927,-1.275196,0.358082,0.052952,-1.067504,-1.382594,1.330574,0.953447,1,56.917300
-0.903976,0.472049,0.324139,-1.836626,-0.131303,-2.533842,0.019217,0.595556,-0.360609,-0.315691,0.930126,0.559769,0.667148,1.683607,0.064069,-1.502522,-0.250574,-0.223490,-1.826859,-1.925384,0.767414,-0.014828,-1.104525,-1.140267,0.584782,0,34.147155
0.465214,-0.140252,-0.792150,0.404797,0.473715,-0.674842,-1.190467,1.159126,1.031577,-0.545508,1.523171,-0.385412,-0.874560,0.606141,0.309331,-0.948464,0.685750,0.587559,-0.082428,-0.846671,-0.753119,0.346360,1.818183,0.225041,0.448346,0,51.152354
0.581232,0.788687,-0.282493,-1.458668,-1.729230,0.334494,1.319983,0.266365,1.886111,0.449184,1.066848,-1.065039,1.113899,0.921514,0.234500,0.802950,-0.111181,0.914773,0.655956,0.314538,-0.200404,1.906196,1.337184,0.554738,-0.221373,0,56.412447
0.567374,-0.034538,-2.053682,-1.086694,0.917693,-0.407571,0.175143,0.872125,0.729401,-1.076477,-0.302072,-1.407799,-0.639133,-0.375297,0.476830,0.488618,0.198505,-0.863828,0.335713,-0.145114,-0.860367,-0.631144,-1.374960,-2.032053,0.857439,0,53.699180
2.645321,-0.962562,-0.219010,0.150572,0.675350,2.103402,0.288020,-1.012260,0.268946,0.215543,1.905666,1.817062,-0.592666,-0.286147,0.746368,-1.069828,0.267108,0.628978,-1.576510,0.174950,0.845620,-0.058165,0.308198,-0.081860,-0.327035,0,73.078112
1.366769,-1.057179,-0.588689,0.461700,-1.780065,0.646949,-1.117877,-1.380484,-1.118114,-0.686550,-0.335799,-1.524324,0.381046,0.079225,0.135120,0.886387,0.947401,0.633607,-0.772978,-0.071647,0.731106,0.029227,-0.385390,-0.080272,-1.063553,1,57.206714
-2.097705,-0.765179,0.389105,1.860900,0.130891,-1.934093,0.773041,2.479166,1.106563,0.132736,-0.030477,0.423450,0.862311,-1.320406,1.355181,1.459126,1.199170,1.100405,0.471557,1.498792,2.954694,0.407162,-0.302326,-0.022884,0.569878,0,24.449071
-0.565722,0.850782,1.131985,0.800043,-0.004543,2.049888,0.919432,0.875297,-0.909918,-1.401334,-0.858801,0.672038,2.228561,1.207216,-0.431154,1.074564,-1.806607,-0.015397,-1.146646,1.148892,0.107150,0.393916,0.042541,-0.434776,0.525406,1,59.573977
1.366550,0.730744,-0.540675,0.545936,-0.162330,0.165599,0.020779,0.374537,0.383687,0.024640,-2.452644,1.436364,-0.492839,0.271743,-0.309544,-1.365455,0.112230,-1.034484,-0.592167,-1.966139,-0.292223,-0.370486,1.089831,0.692059,-1.970973,1,75.881701
0.244794,-0.179103,0.008509,1.316856,-0.490034,-1.011711,0.776389,0.002045,0.706894,1.190951,0.873109,0.401645,-1.381073,0.002118,0.414476,0.074088,0.683000,0.392795,0.002778,-0.344760,0.405776,-1.699847,-0.298350,-1.417060,0.739660,1,46.112290
-0.965204,1.550917,0.222802,0.484012,-1.562063,-0.448097,-0.162202,-0.020821,0.372756,2.120850,-0.535605,0.049026,-0.836264,-0.638361,-2.116607,0.867225,0.146793,-0.021469,-1.321704,-0.753137,1.188272,-2.095730,1.186648,0.057013,0.963262,1,42.988825
-0.015522,-1.487722,-0.679701,-1.863238,-0.173186,0.465140,-0.337816,0.970364,-0.137383,0.312107,-0.677479,0.425100,0.397038,0.794316,-0.653924,1.488270,1.176859,0.670103,0.400960,-0.297974,-0.013853,0.625116,0.103502,-0.946265,0.533138,0,37.927606
-1.241817,-1.386971,0.374391,1.524616,-1.502258,-0.175855,0.068804,-1.435220,1.737058,-0.866530,1.230672,0.936101,0.951554,-0.080324,0.522144,0.936122,-0.448625,0.134855,0.474608,-0.204990,1.813945,1.643069,0.209616,-1.190084,-0.824988,0,17.634681
0.710616,0.423744,1.179489,-0.480538,-0.059897,0.344330,0.011174,1.308141,0.719772,1.258501,-1.562988,-0.219481,0.902156,-0.958003,1.166257,0.969129,1.344662,0.361182,-0.940010,0.409177,0.843869,0.211372,-0.067913,0.240242,0.223451,1,63.027934
1.156800,-0.623541,-0.382392,-1.541032,0.680423,-0.460398,-0.829274,0.181939,0.251132,2.144242,0.310552,-0.386764,0.111032,-0.655596,0.718705,0.311163,-1.214786,0.309112,0.337832,-0.383708,0.307759,0.261161,-0.743618,0.364723,1.108937,1,59.933521
0.670139,0.348289,0.306157,-0.265333,-1.902478,0.586090,1.404870,1.707937,-0.112033,1.714084,-0.921546,-1.663396,-0.312007,-0.183187,-1.577426,0.534687,-1.150366,-0.584773,-0.606412,1.925478,0.284634,-1.732726,-1.707841,-0.392291,-0.075904,0,56.776941
0.016660,0.207414,-0.261739,0.909456,0.305207,0.037450,0.369428,0.670685,-1.816542,0.356814,-0.351224,1.427835,3.125226,1.336713,0.494192,-0.114148,0.024019,0.433518,-0.077010,-1.295114,-0.100922,-1.377375,1.554616,-0.245629,1.750027,1,51.924703
-0.027245,-1.574209,0.186060,-0.916290,0.774138,-0.622177,-0.109029,0.444018,0.882429,2.522463,-0.696340,-1.089168,-1.796609,1.125894,0.035393,-0.257360,-1.164253,-1.669688,-0.097604,-0.448995,-0.083418,0.619728,-0.288365,0.353576,-0.588643,0,43.535245
-1.172965,0.230398,-0.544380,0.560394,-1.677048,0.803154,-0.235108,1.337546,-0.645069,-0.303201,-0.202581,0.438822,-0.770642,0.264728,0.590631,0.330613,0.231423,1.176621,0.564235,0.884059,-1.127035,-0.263801,-0.462956,0.450638,1.367661,0,30.500011
0.537558,-0.779584,0.227862,-0.474767,1.803644,0.838759,1.446944,-0.157035,1.183364,-1.235079,-1.603488,-1.155405,1.367173,-1.785608,-0.919400,1.498884,0.602415,-1.098693,-0.784162,0.436624,0.931609,-0.254301,0.343257,1.123424,1.753796,0,61.758685
1.146222,-1.821991,0.074302,-0.062384,0.749532,-1.154163,0.279588,0.179976,0.003402,0.734365,-1.191218,0.462886,1.767987,1.792639,-0.728284,2.156036,0.675109,1.205960,-0.231532,0.763955,0.916380,-0.108886,0.036780,0.080610,-0.294164,0,53.269199
-1.469831,1.794181,1.078147,-0.331447,0.964867,-0.007050,0.163669,0.309096,-1.802207,0.566223,0.614441,-1.836348,0.386064,2.044636,0.428477,0.817022,-0.082978,1.606711,3.031143,-0.186419,-0.937541,0.292651,0.254565,-0.574817,0.820778,0,47.271558
-1.002536,-0.395463,0.169877,-0.494708,-0.628951,-0.639533,-1.008679,0.811460,0.153352,2.023314,-0.218463,-0.808890,-0.851656,0.277700,-1.766783,-0.925032,2.263038,0.322227,2.093827,0.537553,0.825583,-0.759172,0.157937,-0.352386,-0.518975,1,30.868994
1.023030,-0.109661,1.870581,-0.348735,0.525389,0.665498,-0.471928,-0.447522,0.284404,0.714396,-0.464375,0.426648,-0.623695,0.996033,-0.800799,-0.754975,-1.681871,-0.259988,1.508156,-3.040582,-0.536024,0.426722,-0.153878,0.258452,0.710227,0,66.284767
0.613103,0.452254,-0.097454,1.632000,-1.848324,-1.973159,0.612504,-2.006774,0.126342,-1.551255,0.965673,0.092774,-1.282963,-0.884983,-1.364062,2.052249,-1.841152,-1.082506,2.265148,-0.815436,0.028415,1.168561,1.777914,-0.078939,1.271867,0,41.155323
1.107041,0.242637,-1.204859,0.234416,0.301194,-1.129569,-0.500237,1.012239,-0.978772,-0.493726,1.810788,-0.325729,0.069724,-0.157002,0.164140,-0.244483,-0.140581,0.866226,1.330805,1.950644,-1.735329,-0.088458,1.396000,-0.350092,1.289736,1,63.786858
0.108342,-0.053318,-1.022356,-0.297358,0.786023,0.487181,-0.397745,-0.200505,-0.424696,0.212624,-0.790798,1.593686,0.779938,-0.065499,-0.809357,1.261516,-1.914529,1.183819,0.121261,1.108485,-0.399593,0.442267,0.023730,0.426001,-0.028068,1,58.618498
0.269836,0.041603,-1.880136,-2.332733,-0.002532,0.716569,-1.757718,-1.118301,0.777015,-0.947344,0.396257,1.120827,0.870860,-0.734459,0.033389,-0.025423,-1.101231,0.826510,-0.716831,-0.154347,0.833074,0.901262,1.146424,0.357602,-1.153769,0,52.779282
-0.662706,2.181951,-1.004621,2.276016,1.341399,0.735984,-0.138198,0.214939,0.238553,-1.117261,0.635422,0.400224,-2.374082,-0.119971,-0.832479,0.095515,0.076912,0.125427,0.831960,-0.732329,-0.650247,-0.327627,0.704288,1.029706,1.037927,0,57.931913
-1.897189,-0.938285,1.245696,0.472703,0.960024,-1.122467,0.641943,0.288060,-0.759128,-0.016053,0.837896,0.073737,-0.523746,-1.344288,1.577852,0.247618,-0.020424,-1.458311,0.604783,0.236198,0.980978,0.002359,1.420267,-0.183135,0.848645,0,20.935701
-0.200973,1.132301,-0.206588,-0.802147,-0.017876,0.989808,0.154034,0.393618,0.069043,0.734227,-0.475698,2.471660,-0.675527,-0.282891,0.389428,-0.385097,-0.453483,0.017215,0.077375,1.659250,2.321444,0.669355,-0.634802,0.853592,-0.958417,1,55.283776
-1.770275,-1.006881,-1.016951,0.280341,-0.011453,-3.127290,1.516217,-0.075713,-1.484977,0.207236,0.984018,-0.084148,0.458358,-0.891714,0.606703,0.921069,0.694243,0.106998,-0.246726,-1.318726,-1.548553,-1.067726,-0.617132,0.161519,-1.199682,1,20.497328
1.597265,-0.320050,0.301474,1.018334,-0.098410,0.617665,-0.185008,-0.794348,0.402219,0.754943,-0.274758,0.130203,-0.144437,-0.837898,0.244661,-2.469945,-1.274491,-1.025469,0.507431,1.178615,0.521160,-1.341707,0.304783,0.224206,-0.728572,0,64.912133
0.998078,-0.333308,-0.720830,-0.988213,0.411743,-1.399300,0.118470,-0.044148,0.134550,-0.945825,-0.665091,0.934383,1.943697,-0.911767,-0.994386,0.137261,0.952578,0.492987,2.341477,0.830945,-0.110486,-1.214441,1.488561,1.851850,-0.651785,1,74.408604
0.462596,-0.048172,0.734182,0.878622,-0.097942,-0.196632,-1.636751,-0.598280,-0.948936,0.001919,-1.295473,-0.912322,0.753153,2.099914,-0.591207,-0.636263,1.069554,0.279388,-0.177639,0.964375,-0.081738,2.794819,0.635024,1.264273,1.680757,0,54.552481
-0.326009,-0.053955,0.657265,1.323463,0.251981,-1.342192,2.562559,-2.328591,-2.359305,-0.307607,1.145616,0.170010,-0.105455,-0.527438,-1.716463,-1.212425,1.306104,0.403977,-0.909533,-0.301486,-0.057259,-0.327335,1.460833,-0.641896,-0.253133,0,29.750818
1.563455,-0.044858,1.309614,0.846675,0.588195,-1.920684,0.202580,1.134730,0.421344,-0.182582,-0.094062,0.624043,1.452581,-0.269507,1.165909,-1.595527,0.310841,-0.304439,1.829457,0.822796,-0.753765,1.156533,1.288781,0.283366,0.295243,0,66.807080
0.074619,0.210016,-0.107864,0.284827,-0.840880,-0.171554,-2.165464,2.193459,-1.054661,-1.191436,-0.792706,2.720778,0.749843,-1.655961,-0.433358,0.410321,-0.942353,-1.159721,-0.406512,-1.361885,-2.271411,0.640146,-1.388522,2.509081,-0.595797,0,40.788344
-2.610941,-0.320174,0.022132,-0.766150,1.922255,-2.065410,-0.748290,-0.580080,0.469957,-0.176025,-0.999558,-0.164673,0.392742,0.767588,-0.057585,0.191232,-0.581972,-1.135387,1.001876,0.283338,-1.776055,-2.983472,1.096121,0.060835,-0.685607,0,23.768765
0.545354,1.861340,0.354136,-1.088175,-0.647204,-0.597619,-2.600142,0.034362,-0.867596,0.998860,1.371639,2.144722,0.110874,-0.571409,0.389931,-0.155882,-0.253367,-0.582280,-0.572404,2.824454,-0.009633,0.650599,-0.111106,0.835860,0.161365,1,66.807290
-0.748306,-1.137103,-0.426609,1.330795,2.334666,0.329789,-0.742144,-2.036343,0.717479,-0.476562,-1.591334,1.153306,-1.554279,0.736385,-0.533279,0.025087,1.440827,0.855809,1.211714,0.581536,-1.503811,0.125790,0.885330,0.179687,1.832425,1,45.899375
0.127279,-0.174073,-0.496860,0.819776,-0.344616,-1.658322,0.585103,-0.026040,-0.091773,0.586084,-0.793882,-0.957275,0.242384,1.390024,-0.889812,1.155500,-0.373257,0.116605,0.489540,0.037155,0.518731,0.638295,0.307198,0.576917,1.294353,1,51.873491
-0.766411,-0.302787,1.370429,-0.058856,-0.630373,-1.087200,0.406344,-0.648952,-0.718356,-1.779790,0.258223,-0.952857,0.348305,0.663097,0.091471,0.557565,1.003969,-0.163186,0.007509,0.271700,-1.760903,1.228245,0.385508,-0.614367,0.146816,0,38.201945
-1.439189,1.219298,1.111709,0.837462,1.649922,-0.432113,1.008625,-1.216387,0.661227,1.509584,-0.329772,0.381086,0.650192,0.257204,1.135367,-0.592664,0.189686,-0.093408,0.155444,-0.816718,-0.797693,0.458711,0.614645,0.794481,0.427400,0,53.827132
-0.801385,0.394779,-0.301444,-0.693554,0.221216,-1.208022,-1.678940,0.755069,0.627855,-0.560135,1.678850,-0.154034,-1.951436,0.880965,-1.184630,-0.324071,2.026413,-0.119975,0.243435,0.175990,0.910883,1.506871,0.251256,-0.602833,1.443357,1,43.015496
0.686192,-0.359081,0.250570,-0.912108,0.056460,1.029086,0.036348,0.834668,1.136145,0.924842,-1.899810,0.056869,-1.575736,-0.217851,-0.535895,-0.702476,-0.709087,-0.382079,0.054788,0.591413,-0.512398,-0.566400,0.483564,0.666527,-0.081989,0,64.426943
-1.226634,2.399362,-0.530151,-0.357409,-0.405678,0.520865,-0.242972,-0.404793,-1.720227,-0.604520,0.460047,-0.266869,0.934854,-0.936090,-0.079678,1.073709,0.300182,-0.380086,-0.685349,0.151896,1.266548,0.779554,1.432501,0.756153,-0.239624,1,51.804705
1.427358,-0.635328,-1.948737,-0.344859,0.192991,0.786950,-0.734913,-0.806443,0.445442,0.913086,0.322692,-0.598946,0.795757,0.059411,0.984693,0.371269,0.634862,2.134767,0.605116,0.670762,0.245335,0.005290,0.166366,-0.048049,-0.095088,0,70.986474
-0.264464,-0.206331,0.252351,-0.700084,1.644585,-0.175202,-1.240252,1.019975,0.833488,0.528991,-1.481558,0.543916,-0.707816,1.858097,2.351407,0.370276,-0.687995,-2.330427,0.476644,-0.998602,-0.457287,0.913780,-0.743258,-0.395963,-2.044098,0,56.259577
-1.525533,-0.368983,-0.711830,-0.869955,1.761190,-0.272919,-1.663777,-1.299588,1.492800,-1.182660,0.080532,-2.806692,-1.419251,0.352164,-0.972902,1.532173,-0.089878,0.035248,0.282238,-1.036352,0.254712,0.221678,0.323561,1.149138,1.723428,1,41.910858
0.276284,-0.089354,0.786413,-1.207498,0.229860,0.790958,-1.323437,-0.208337,-1.533420,0.054640,-0.339444,-1.736415,2.130905,0.463416,0.354252,-1.971368,1.559753,-0.678847,-0.910432,-1.141520,-0.923774,0.884455,0.490833,0.488087,0.284545,1,59.229712
0.001275,-0.058982,-1.389134,0.882170,1.171299,-0.926879,-0.946827,0.632657,-0.240883,-0.675064,-0.511732,-0.053661,0.242812,0.309506,2.228527,-0.946547,0.377975,2.112877,-0.403804,0.258515,0.060874,1.093470,-0.504778,0.672643,-1.258838,1,63.336463
-0.749907,0.586924,-0.845015,-0.641980,1.544104,-0.460986,-0.725834,-0.322329,0.954731,0.051232,0.539030,0.078964,0.896929,-0.200081,-0.841298,0.806124,-0.201643,-0.863102,-1.023256,0.503711,-0.237827,-0.172704,1.455701,0.621718,0.409794,0,51.382397
-0.882959,0.295396,0.243884,-0.865283,-0.102273,0.380708,-0.193892,-0.397969,-0.329333,0.408840,0.676823,1.064287,0.125265,-0.499664,-1.987662,-0.150802,-2.133163,-0.363728,-1.050223,-0.092759,0.223534,0.280367,-0.575291,0.972978,-0.065048,1,48.768624
0.258122,0.419086,-1.623499,2.164135,2.423650,-0.467912,0.994001,-0.157181,0.434673,0.224303,-0.953973,0.344877,1.277815,-0.640114,-0.479916,-0.230653,-1.196806,0.504418,0.335464,-0.370579,1.637490,-0.213282,0.193621,0.276159,0.299825,1,56.030796
0.444606,-0.638555,1.811485,0.557373,-1.146884,0.532601,-1.252813,-1.452570,-1.022431,0.165640,0.989905,0.814055,0.498806,-0.207303,1.981742,-1.902204,0.057025,-0.702491,1.536609,0.955469,0.545320,0.900932,-1.120209,-0.521588,1.339022,0,51.480465
0.940876,-1.442641,-0.606571,1.180149,-1.096631,-0.968187,0.232872,-1.156119,-0.165805,1.265360,-0.170927,-1.140460,0.579817,-0.293604,-0.278842,0.119028,-0.842188,-0.655223,-0.776346,-0.065002,-0.057721,0.155815,-1.563940,0.612285,0.571440,1,49.898184
0.440964,-0.623264,-0.085198,0.930969,0.180649,0.111461,0.627329,-0.222490,0.890697,0.325887,1.031047,0.480675,-0.142201,-0.383063,0.127628,-0.258890,-0.691089,-0.540974,-0.569444,-1.109705,-0.672118,1.229525,1.218163,0.588328,0.972307,0,51.163261
-0.472293,-1.227445,-0.647814,0.899690,1.304729,0.533845,-1.028479,-0.452241,0.897102,-1.082938,-0.025994,-0.602296,0.239369,-0.258969,-2.123673,-1.719996,-0.204027,0.184654,-0.866029,-0.956167,-1.015588,-1.240146,0.451939,-1.583303,-0.027108,0,48.696574
-0.033313,-2.436923,-0.327648,2.252935,0.411771,0.274119,-0.856472,-1.313696,0.051258,-0.321982,0.008598,0.051238,0.595705,0.553198,-0.177280,0.472507,0.425778,-0.349463,-1.836921,1.233752,-1.537037,-0.044825,0.641894,-0.358702,-0.560481,0,48.175373
-1.685543,1.257271,-0.089297,1.319076,0.350806,-1.093083,-0.024188,0.053394,1.568663,0.669823,1.224599,-1.441672,-1.774047,-0.512014,-0.587168,1.998762,-0.424089,0.335968,-0.017426,0.085726,-0.216705,0.404438,0.373618,-0.977331,0.040870,1,20.820604
0.623955,0.443223,-0.073834,0.375986,0.575011,-0.979829,0.901632,0.751033,-0.176443,1.121899,-0.243330,0.796687,1.085554,-0.525914,-0.617681,-0.680232,-0.044844,-0.491925,0.652283,0.446445,-0.635886,-0.556045,1.257575,-0.136454,-0.189387,0,67.214347
1.373366,0.075558,-1.194764,-0.303725,0.601522,0.376068,0.661763,1.097646,0.049499,-0.934063,1.856208,1.916967,0.256009,0.972632,0.504474,-0.412572,-1.534812,-0.668352,0.650605,0.048544,0.020333,-1.182341,1.163596,0.576013,0.530748,0,66.048904
-2.501712,0.331302,1.847632,-0.557720,0.503307,-1.761199,0.745819,-0.387382,-0.147908,-1.474946,0.065029,1.502110,-0.534756,-0.221982,-0.637592,0.086249,0.539650,0.009023,-0.201080,-0.643459,-0.008579,0.357183,-0.479043,1.957767,-0.293679,1,21.554298
1.087740,-1.907685,-0.161266,0.896375,-1.541610,-1.917537,-0.960260,-0.448868,0.787467,0.007690,-0.537023,0.416291,0.765363,0.946407,-1.284687,0.641172,-0.721775,-0.346628,0.566509,-1.488740,-0.247113,-1.071510,-1.090519,-1.178118,1.497971,1,48.609516
1.075820,0.959964,0.695541,-0.668424,0.855104,1.598076,-0.177612,0.048548,-0.289666,0.016159,1.195418,0.466194,0.999679,1.936300,-1.362603,0.785746,0.389810,-0.058869,-0.929305,-0.276453,0.893981,-0.913541,0.780529,0.353038,0.223397,0,75.999067
-0.404323,0.577166,-0.614863,-0.688619,1.449038,1.756365,0.976280,0.947244,1.220953,0.641595,-0.302611,0.312008,-1.616861,-0.527654,0.413270,-0.553354,1.095332,0.009313,-0.074146,0.687853,-0.270418,0.934644,0.319033,-1.419650,-0.793851,1,68.400033
-0.689917,0.703943,-0.836660,-0.634282,0.296132,-0.820927,1.316912,0.335028,0.093446,-0.464862,-0.025852,-0.794652,0.565656,-2.361661,0.552466,-0.365819,-0.490061,-0.230067,1.277798,-0.270164,0.446808,-0.828806,-1.727607,-1.975225,0.173743,0,45.735246
0.159416,-1.516328,0.914765,-0.858842,0.161350,-0.209153,-0.833276,1.285394,1.052144,-0.640070,-1.396754,0.146297,0.302580,-0.137794,-0.486549,0.456404,1.165407,-0.344824,-0.203776,-0.159742,-1.439589,-1.954473,-0.402196,-0.151451,-1.366415,0,50.580541
0.216464,0.246649,0.568407,0.527528,-0.611267,-1.115190,0.406469,-0.664292,-1.500563,-1.552019,1.819142,0.828672,0.821590,-0.283756,-0.485996,-0.306997,0.393263,-0.130405,0.141176,0.579416,-0.951507,-0.228989,0.112361,0.795838,-1.285690,0,49.079416
0.790205,-1.193340,0.127960,-1.699227,0.219393,-0.765669,-0.206087,0.681670,1.126502,0.835493,0.158001,-1.229595,0.951181,-2.027311,1.164252,-0.674930,0.572513,0.863046,-0.765160,-0.471827,-1.560567,0.763844,2.837826,-1.065213,1.009405,1,53.178289
-0.719292,-0.353781,-0.270912,0.736448,1.569220,-1.046488,-1.278736,-0.067353,-0.160036,0.360760,-1.249235,0.507280,-0.825654,-0.215631,0.169641,1.151452,-1.229612,0.319993,-0.095164,0.595095,-1.617001,-1.623881,-0.024433,0.811775,0.530104,0,40.223422
-0.625217,-0.067774,0.856066,0.267938,1.989759,0.227415,-0.569961,1.378209,0.152129,-0.833178,-0.395533,0.547556,0.546903,0.143444,0.387775,-0.049045,1.301103,0.192652,-0.002746,0.787427,0.540110,-1.978157,0.049413,-0.728331,-0.791894,0,53.962057
-0.095021,0.438246,-0.619279,1.004686,-1.470299,-1.573170,-0.138407,-0.839806,0.422583,0.709614,-1.804289,-1.197146,0.401137,-0.603861,-0.782325,0.111347,-0.466402,0.736151,0.537371,0.505411,0.206795,0.383690,0.019445,1.095486,-0.636147,0,48.231693
0.456997,-1.621411,0.895294,-0.144801,0.133881,-0.659458,-0.031607,-0.756690,-0.788081,-0.740369,0.162442,0.026252,-2.723172,-0.760840,0.388172,-1.137546,-0.855384,1.386884,0.932024,1.235045,0.621521,1.289481,1.909716,-0.187166,0.915432,0,44.862983
-0.092904,-0.320244,-0.552482,-0.116765,0.777547,1.674369,0.581387,-0.679781,0.711870,-0.544714,1.238535,-0.769992,-0.576184,-1.638262,-0.604634,-0.206520,1.320559,1.087171,0.330255,0.190084,0.738344,-0.799536,0.477410,-0.038958,0.488419,0,52.314827
-0.556897,0.120238,1.655770,-0.722090,-0.407852,-0.628706,-0.902227,-0.957771,0.614827,0.169999,0.760941,-0.843478,-1.095957,1.853557,2.409796,0.873444,-0.949458,-0.963616,-0.725696,-0.209682,-0.856518,-1.106610,0.540020,1.079233,-0.059754,0,43.492937
-0.631727,-0.545839,-2.192207,-0.324505,0.824287,-0.885212,2.455965,-0.056934,1.619357,0.466929,0.311809,0.212260,-1.053616,-1.375376,-1.028660,0.767489,1.466785,-0.182747,-0.293390,0.003953,1.156931,-0.892874,-0.420633,-0.288439,-0.829761,1,39.296605
0.311476,1.383654,-0.934610,0.151753,-1.717365,-0.630850,1.546840,-0.599999,0.051534,-0.826662,-0.105799,1.539575,0.558663,0.611055,-0.228988,-1.253502,-0.007469,-0.263288,-1.003522,0.208546,-0.882214,0.265419,-0.265537,-1.449333,0.128575,1,51.855619
-0.477097,0.477536,0.557001,-1.473788,-1.256843,-0.682270,0.069995,0.437653,-1.140189,0.061825,-1.139505,-0.157781,0.716373,0.281501,0.587494,0.057651,0.746431,-0.174059,-0.256775,-0.171529,-0.306646,1.602889,-0.411849,-0.446248,-0.136930,1,47.727581
0.157483,-0.292542,0.396521,-0.463522,-0.384282,-1.523482,-0.518617,-0.597645,-1.526086,-0.300095,0.288723,1.873044,0.742779,-0.968317,0.781828,-0.634085,2.074190,-1.572711,2.163069,0.620750,-1.348714,-0.451507,-0.688575,-1.114601,0.608592,1,51.760252
-0.579853,-0.305513,-2.090555,-0.077115,0.869529,-1.669887,0.268650,1.201486,0.161063,-0.600786,0.888811,0.970782,1.497290,0.093985,-0.969069,-0.458689,0.478821,-1.011629,-1.425934,-0.144501,0.390331,-0.006184,0.324223,-0.197309,0.594680,0,46.873393
0.706690,0.165771,-1.876749,-0.052884,0.914363,-0.637616,-0.689576,0.252005,-0.681145,-0.027182,-1.175371,-0.204791,-0.597694,0.041397,1.688557,-0.927328,-0.533872,-0.505136,0.445290,0.132279,-0.495510,0.309511,1.471387,-1.163814,-0.137287,1,47.390375
0.573773,-1.201317,-0.289568,0.818452,0.558250,0.246892,0.892350,1.477475,0.486323,0.062933,2.453458,0.101051,0.370621,-0.437928,1.227936,0.282167,1.330852,-0.864581,-0.147075,0.506136,-0.250668,-0.068204,-1.596212,-1.343909,0.091692,0,59.173944
0.018490,-0.497527,-0.600084,0.468143,0.526228,0.414044,1.893619,-1.848584,-0.053382,0.420343,-1.743762,-0.679790,-1.624303,-0.598970,-0.495834,0.109905,-1.015720,1.527826,0.683942,-0.968962,1.489626,-0.637014,-0.853268,0.517191,0.248550,0,48.991790
-0.843763,0.686768,0.196038,-0.844014,1.192978,0.506621,1.895228,-0.528256,0.018431,0.311199,0.158004,-1.300484,-0.499332,-0.830732,0.247191,0.755671,0.405906,-1.403825,-1.365903,-1.095995,0.670209,1.208579,1.298258,-1.432392,0.404031,0,51.804275
-0.303634,0.835104,-0.364157,-1.555977,-0.640658,1.455594,1.948086,-0.796182,0.591527,-0.269659,-0.765023,-0.664051,1.543358,-0.937277,0.563816,0.794449,-0.026440,1.612858,0.367989,-1.583883,-1.081168,0.885207,-0.312711,0.320686,0.678121,1,52.543892
1.710940,-0.657075,-1.392143,-1.667137,0.463390,-2.043379,-0.915120,1.785041,-1.178002,-0.757923,1.596510,1.489645,-0.722680,0.001225,0.266037,1.110411,0.183073,-0.881482,-0.521754,0.917483,-1.596770,-0.510223,-0.006263,-0.768819,-0.073709,1,62.589039
-0.117727,-0.932527,-1.076164,-0.810987,0.134592,-1.474387,1.148742,0.409740,1.188731,0.349780,-1.356745,1.241097,-0.549427,1.883978,-0.585406,-1.142168,1.086944,-0.571452,0.824708,-0.179230,-2.025628,0.775045,-0.132229,1.788828,1.046931,0,54.035202
-0.187047,0.159814,0.573925,0.952233,1.120231,0.465284,0.318257,0.190006,0.608993,0.416545,-0.974679,-1.286072,2.156888,1.307954,0.593589,1.154734,0.588815,-0.593990,1.313761,-2.292629,-0.031316,0.072148,0.850988,1.481400,-0.192984,0,56.088159
1.922922,1.471855,-0.300106,0.745562,-0.714958,-0.155960,0.630251,0.714124,0.896128,-2.276143,-0.108776,0.086598,0.533398,1.368509,0.175217,0.494414,0.487556,0.125224,0.364341,-0.244533,0.901335,-1.335304,0.425648,-0.925812,-0.032815,1,77.775845
-0.970817,2.587528,0.268084,0.077621,0.705920,-1.835347,-1.005833,0.770067,0.260333,0.018808,-0.919104,-0.069835,1.179266,0.837334,1.367159,-0.133829,-0.071251,0.069259,-0.372669,2.066973,-1.974926,-0.519330,0.771899,-2.128144,-0.231027,0,53.787061
-0.384173,-0.125750,-0.724294,-0.925238,-0.833728,-0.596190,-0.206116,-0.944249,0.422863,1.018023,-0.455894,-1.037508,-0.505867,0.300813,0.664579,-0.453436,0.197622,0.672389,0.608028,0.882231,-0.226984,-1.876847,-0.797541,0.079284,-0.504357,1,41.720907
-0.491527,1.354412,2.074382,-0.066441,-0.630140,-1.424422,2.370919,-1.034100,0.088055,0.766239,-1.413131,-1.097886,-0.198978,0.313813,-0.579782,-0.775167,1.502983,0.152514,-1.133523,-2.080737,0.076130,1.658856,-0.350359,-0.971298,-0.320842,1,48.529934
-0.657348,1.071187,0.009079,-1.441361,0.698676,0.777184,0.956411,0.694620,0.271892,-0.345635,-0.213036,-0.770369,2.153559,0.153962,-1.577161,-1.468116,-0.049060,1.874252,0.507078,-0.508242,-1.375739,0.769103,1.741558,0.496715,1.945047,0,57.078027
1.781214,1.328312,-0.181650,0.294730,-0.965211,-0.257929,-0.581148,0.417748,1.905855,-0.490397,1.582172,0.008643,-0.477549,1.428300,0.549619,-0.411994,-0.602598,-0.627713,0.477231,0.191234,-2.041205,-1.451606,-0.058172,0.086968,-0.364363,1,68.429903
1.434386,1.014889,-0.036974,-2.185469,1.326445,0.983122,-0.596972,0.106260,-0.903636,0.910617,0.551211,0.650057,1.312702,1.337881,-0.388382,-1.260174,-2.026388,0.712122,-0.044976,-0.266974,0.350941,-1.286149,1.430841,-1.231020,1.204856,0,78.572796
-0.063119,-0.070821,-0.510870,0.165743,-0.796122,1.796501,-0.868625,0.952111,0.858194,-0.068578,-0.489664,-0.039544,-1.203770,0.843690,0.807036,-2.340233,-0.976937,-1.258044,-0.778727,-0.533483,-2.607503,-0.466355,2.244156,-1.217978,0.640908,0,55.250840
-0.037029,1.355173,1.267553,-0.502697,-0.394529,2.262520,0.433751,1.457806,-0.134509,-1.947938,-0.162187,2.164814,1.028452,0.054421,0.081451,0.002096,-1.576747,-1.316601,-0.139530,1.296641,-0.231047,0.741763,-0.275116,0.325562,-0.338979,1,73.732735
0.918662,0.791380,-0.672409,-1.263301,0.945214,-0.305476,0.089906,-0.520840,-0.061923,-0.623373,-0.750692,-0.171367,0.662133,0.650376,-0.299011,-1.539583,0.854178,0.790293,0.399382,0.934060,0.341040,-0.477106,-1.064891,-1.237093,-0.460142,0,65.535887
-0.618126,0.306321,1.439342,-0.158896,1.147000,-2.056796,1.454957,0.746306,0.990703,-1.236234,0.555792,-0.766225,0.977699,0.784826,-0.766131,0.111334,-0.420826,-0.313193,-0.361260,0.027565,0.439768,0.410144,-0.660000,-0.508065,1.165516,0,42.054795
0.975054,0.928140,2.676445,2.233959,-1.771480,0.544988,-1.193446,2.273650,-0.322002,0.885113,-0.443180,0.047804,-0.568568,0.341971,-0.111351,0.477162,0.206614,-1.088203,0.631964,0.198034,-0.319302,-0.320750,-1.746684,-0.162434,-1.322546,1,66.031480
-0.724663,-0.451218,0.489292,1.319855,-0.206122,-0.596723,0.639063,-0.960449,0.876127,1.622735,1.394081,0.833175,-0.207637,-1.667584,0.435011,0.172058,0.900558,0.884723,-1.970493,-0.503960,1.408655,0.910418,-0.009435,0.353779,1.110970,0,44.823996
0.516483,0.183609,0.820863,-0.915116,1.360532,-1.179190,-0.516110,-0.360203,1.731438,0.156419,-0.220332,-1.189979,0.573225,0.375793,-0.486723,-0.277623,0.356719,0.548921,-0.527962,-0.662421,1.400233,-0.158871,-0.423846,-0.575145,1.652563,1,60.447593
-2.413304,1.868031,-1.295188,0.564664,-0.166404,1.248527,1.318000,0.194215,1.162722,0.385197,-1.813033,-1.824673,0.893646,0.302578,-1.701868,-0.266909,-1.594456,0.786497,-1.570833,1.215247,-0.723586,-0.574186,0.059303,-0.537973,2.307283,0,33.283992
1.076150,-1.303044,0.016011,-0.128373,-0.195311,-0.326058,-0.592945,0.497361,0.284917,-0.924248,-0.684243,-0.390852,0.339837,-2.334701,1.913461,-0.107076,0.301961,-0.627017,1.675435,0.629741,-1.130546,-0.572259,1.363229,-1.001925,0.839797,0,57.768469
0.726352,-1.530019,1.624898,-0.381976,0.406511,0.710824,0.736563,-1.164822,-1.690331,0.699826,-2.053364,0.162694,-0.443385,-1.471346,-1.505733,-0.368718,-0.735746,-1.056557,-1.732672,-0.521404,-0.140797,0.190691,-0.969801,0.750602,-0.142444,0,53.373162
-0.417232,0.523690,0.977629,-0.129588,0.272040,-2.163733,1.871118,-0.240492,-0.137278,0.996339,-0.941114,-0.347477,1.438457,-1.495882,-0.281661,-0.790463,0.877220,-0.003763,-0.648348,-0.664410,-0.364884,1.868644,-0.846839,-0.266223,0.417351,0,45.655217
0.396996,0.867009,1.254783,0.090542,0.983387,-1.700567,0.754232,-0.415380,0.087337,0.152085,1.632473,-0.619470,-0.032668,1.136491,-0.701184,-0.273556,-0.014708,0.742062,-0.348615,0.821687,1.049463,0.636874,1.137330,0.378179,0.993303,0,55.130914
-0.571104,-1.511526,0.018109,0.130953,-0.237085,-0.321376,0.220253,1.398640,0.330772,0.084412,0.431860,0.938551,0.389328,-0.359454,2.336993,0.903989,-0.207484,-0.129647,-0.424725,0.744421,-1.287696,-1.214752,1.443115,0.869641,-0.529772,0,29.311057
-0.782191,-0.207100,-1.026309,0.145670,-1.430764,-0.160433,-0.257810,-0.221205,-1.967266,0.180731,-0.117021,0.808598,-0.694045,1.071136,-1.491598,-0.255010,1.321726,-0.889783,-0.155636,-0.181698,1.701258,-1.453450,-0.156212,-1.561695,-0.880268,0,35.105468
0.688408,0.697764,1.361419,-1.239213,0.630916,1.302694,0.257684,0.723692,-0.489544,1.632576,0.751079,0.876738,-0.961914,0.628003,-0.474477,-0.288130,-0.032960,2.070467,1.159184,-0.532422,-0.073664,-1.199724,2.369574,-0.265532,-1.154357,0,69.281722
-0.989433,0.447521,-0.682783,-2.247819,-1.474485,0.441081,0.666665,-0.600498,-0.978570,1.941254,0.990384,0.147575,-1.818180,-0.188293,-1.575009,-1.763330,-1.222649,-0.080200,-1.025640,0.881377,-0.547430,-0.335580,0.868379,1.414923,-0.479984,0,41.645717
0.148636,-2.250467,-0.751132,1.067539,-0.096420,0.332931,0.237056,0.205472,0.088082,-0.020451,0.480035,-0.721381,-0.017823,2.460415,-1.064084,-0.486334,-0.250324,-0.219994,-1.094767,-2.614736,0.197501,0.527601,2.337396,1.125704,0.670000,0,51.499255
-2.096656,-0.939444,-0.597704,-0.457481,0.231619,1.571745,0.848607,-0.654354,-1.175453,-0.620650,-0.691312,-1.740175,-1.555482,0.279507,-0.154141,0.801767,-0.971127,1.084670,1.296872,0.847446,0.112261,-1.949020,0.235225,-0.615897,-0.136472,0,17.463009
-1.142051,-0.384256,0.692807,1.168731,0.825588,2.020756,-0.513670,-0.563309,1.489593,-0.004770,0.501547,-0.398431,2.173254,0.184502,-0.743153,0.301633,-1.109856,-0.104441,-0.051068,-2.320429,0.939853,-1.776686,1.565266,-1.890631,1.604417,0,42.929933
0.109818,0.194964,-0.285918,0.157990,-0.829714,0.269393,0.957476,-1.763218,-0.785542,-0.921190,-1.957470,0.409611,1.123892,1.416744,-1.085924,-0.949955,-1.334788,-0.756373,0.915319,0.459468,0.633403,0.208700,-0.722732,-0.725396,0.262606,1,50.924530
0.644837,0.821615,-2.065379,-2.574991,0.583619,1.071023,0.333406,0.124663,-0.390499,0.422897,0.864865,-1.855405,-1.708912,-0.055528,-1.216848,-1.162377,1.222736,0.528766,1.056283,1.126558,-0.509338,0.253479,1.103004,0.537992,-0.056860,0,73.687036
-0.321616,0.406493,1.591463,1.405903,0.602631,0.346858,1.264224,-0.717612,0.836983,1.274616,1.146084,1.716186,-0.015391,-0.302686,-0.565925,0.719915,0.947588,1.007443,1.630457,-0.382810,1.727074,0.031148,1.574017,-0.316044,1.280742,1,52.406696
0.675477,0.531592,0.080203,0.377579,-0.319205,1.148826,0.917632,0.226700,1.009083,2.055692,2.083038,-0.119378,1.185305,-0.073671,0.131219,-1.121315,-1.180765,-0.771936,-0.374448,-0.588373,-0.746705,0.931020,-0.588509,-1.103388,-0.001766,0,58.258404
-0.887941,0.651636,0.682884,0.802161,0.304688,1.617860,0.262129,1.390388,0.627292,1.232678,2.099329,-1.232447,0.197793,1.206373,0.975002,-0.915476,0.331079,-0.116614,1.012559,0.456580,0.683003,-1.186683,0.249742,1.103740,-0.030546,1,49.571287
0.898237,-1.645850,1.190756,-0.019103,0.936042,-0.394165,-0.297126,0.849650,0.644221,0.655780,-1.845023,-0.463299,1.617104,0.074785,-2.115216,0.923250,-1.399071,0.517933,-1.038999,-1.654745,-1.072125,-0.248833,-0.857313,-0.812408,0.604905,0,56.167538
-0.156119,0.641156,-0.304328,0.347596,2.150166,-0.237733,0.811297,-0.431722,-1.222174,0.169382,-1.088879,0.435855,-0.550232,-0.712579,0.521322,-0.306647,0.021884,0.276228,-0.161636,1.164142,2.271431,-1.260343,0.361977,0.223518,0.920560,0,56.079400
1.655859,-0.696332,-1.154254,-0.634881,0.323979,0.545309,-0.205851,0.563718,-0.304872,2.166174,0.354184,0.784645,-1.401525,-0.311149,0.376533,1.164113,-2.084684,-0.988454,0.735262,-0.984072,-0.774380,-1.438709,1.280141,0.821450,0.478193,0,64.055222
2.056740,-1.844005,0.384639,0.894332,-0.535123,0.025095,0.111695,-0.018260,0.282159,0.922453,0.467925,0.674175,0.318954,2.375945,-0.166176,0.692807,-0.275799,-0.160090,0.526837,-2.513196,0.603820,-1.329872,-0.924811,0.689947,0.845510,1,62.848415
1.308951,-1.608906,0.750386,-0.484724,2.576430,-0.261745,-0.617261,-1.162689,0.029774,-1.289482,-0.028906,0.887594,-0.890748,0.154316,0.732876,0.854047,-0.101866,1.435059,-0.735124,1.168313,-1.050761,-1.208451,0.358924,0.303892,0.100335,0,61.740797
0.018609,-0.228396,-0.028818,0.488644,-0.961567,-0.590409,1.180500,1.863897,-0.444872,0.702833,1.802223,0.411456,0.548121,-0.443776,0.695050,0.293407,-1.669981,-1.133838,0.328090,0.913685,-0.071388,-1.056133,-0.093267,-1.234142,0.280677,0,45.922984
-1.470438,-0.806933,-0.367060,-0.140921,-0.672763,1.120739,-0.326148,-1.234652,1.518052,0.528132,1.054173,1.883277,0.009853,-0.619937,1.340504,0.864439,1.651539,0.467223,-1.626984,0.409133,0.496144,-1.339615,0.257023,0.032710,1.491823,0,34.428720
